Name,Company,Price_before,Discount,Price_After,Pack_Size,Availability
Zestril,ICI Pakistan Limited,Rs 202,10% Off,182, 1x14's,Available
Zestril,ICI Pakistan Limited,Rs 202,10% Off,182, 1x14's,Available
Zestril,ICI Pakistan Limited,Rs 202,10% Off,182, 1x14's,Available
Zestril,ICI Pakistan Limited,Rs 388,10% Off,350, 1x14's,Available
Zestril,ICI Pakistan Limited,Rs 388,10% Off,350, 1x14's,Available
Zestril,ICI Pakistan Limited,Rs 388,10% Off,350, 1x14's,Available
Zestril,ICI Pakistan Limited,Rs 748,10% Off,673, 1x14's,Available
Zestril,ICI Pakistan Limited,Rs 748,10% Off,673, 1x14's,Available
Zestril,ICI Pakistan Limited,Rs 748,10% Off,673, 1x14's,Available
Zofran 8mg,GlaxoSmithKline,Rs 650,10% Off,585, 1,Available
Zeegap,Hilton,Rs 376,10% Off,338, 1x14's,Available
Zeegap,Hilton,Rs 376,10% Off,338, 1x14's,Available
Zeegap,Hilton,Rs 376,10% Off,338, 1x14's,Available
Zeegap,Hilton,Rs 376,10% Off,338, 1x14's,Available
Zeegap,Hilton,Rs 376,10% Off,338, 1x14's,Available
Zeegap,Hilton,Rs 481,10% Off,433, 1x14's,Available
Zeegap,Hilton,Rs 481,10% Off,433, 1x14's,Available
Zeegap,Hilton,Rs 481,10% Off,433, 1x14's,Available
Zeegap,Hilton,Rs 481,10% Off,433, 1x14's,Available
Zeegap,Hilton,Rs 481,10% Off,433, 1x14's,Available
Zeegap,Hilton,Rs 624,10% Off,562, 1x14's,Available
Zeegap,Hilton,Rs 624,10% Off,562, 1x14's,Available
Zeegap,Hilton,Rs 624,10% Off,562, 1x14's,Available
Zeegap,Hilton,Rs 624,10% Off,562, 1x14's,Available
Zeegap,Hilton,Rs 624,10% Off,562, 1x14's,Available
Zeegap,Hilton,Rs 336,10% Off,302, 1x14's,Available
Zeegap,Hilton,Rs 336,10% Off,302, 1x14's,Available
Zeegap,Hilton,Rs 336,10% Off,302, 1x14's,Available
Zeegap,Hilton,Rs 336,10% Off,302, 1x14's,Available
Zeegap,Hilton,Rs 336,10% Off,302, 1x14's,Available
Zeegap,Hilton,Rs 543,10% Off,489, 1x14's,Available
Zeegap,Hilton,Rs 543,10% Off,489, 1x14's,Available
Zeegap,Hilton,Rs 543,10% Off,489, 1x14's,Available
Zeegap,Hilton,Rs 543,10% Off,489, 1x14's,Available
Zeegap,Hilton,Rs 543,10% Off,489, 1x14's,Available
Zopent,Hilton,Rs 375,10% Off,338, 2x10's,Available
Zopent,Hilton,Rs 375,10% Off,338, 2x10's,Available
Zopent,Hilton,Rs 160,10% Off,144, 2x7's,Available
Zopent,Hilton,Rs 160,10% Off,144, 2x7's,Available
Zocor,OBS,Rs 646,10% Off,582, 1x10's,Available
Zocor,OBS,Rs 646,10% Off,582, 1x10's,Sold Out
Zocor,OBS,Rs 646,10% Off,582, 1x10's,Sold Out
Zocor,OBS,Rs 324,10% Off,292, 1x10's,Available
Zocor,OBS,Rs 324,10% Off,292, 1x10's,Sold Out
Zocor,OBS,Rs 324,10% Off,292, 1x10's,Sold Out
Zocor,OBS,"Rs 1,011",10% Off,910, 1x10's,Available
Zocor,OBS,"Rs 1,011",10% Off,910, 1x10's,Sold Out
Zocor,OBS,"Rs 1,011",10% Off,910, 1x10's,Sold Out
Zylexx SR 75mg,A'raf,Rs 159,10% Off,143, 10's x 2,Available
Zetro,Getz Pharma,Rs 270,10% Off,243, 15 ml,Available
Zetro,Getz Pharma,Rs 270,10% Off,243, 15 ml,Available
Zetro,Getz Pharma,Rs 270,10% Off,243, 15 ml,Available
Zetro,Getz Pharma,Rs 270,10% Off,243, 15 ml,Available
Zetro,Getz Pharma,Rs 461,10% Off,415, 1 x 10's,Available
Zetro,Getz Pharma,Rs 461,10% Off,415, 1 x 10's,Available
Zetro,Getz Pharma,Rs 461,10% Off,415, 1 x 10's,Available
Zetro,Getz Pharma,Rs 461,10% Off,415, 1 x 10's,Available
Zetro,Getz Pharma,Rs 230,10% Off,207, 2 x 3's,Available
Zetro,Getz Pharma,Rs 230,10% Off,207, 2 x 3's,Available
Zetro,Getz Pharma,Rs 230,10% Off,207, 2 x 3's,Available
Zetro,Getz Pharma,Rs 230,10% Off,207, 2 x 3's,Available
Zetro,Getz Pharma,Rs 469,10% Off,422, 25 ml,Available
Zetro,Getz Pharma,Rs 469,10% Off,422, 25 ml,Available
Zetro,Getz Pharma,Rs 469,10% Off,422, 25 ml,Available
Zetro,Getz Pharma,Rs 469,10% Off,422, 25 ml,Available
Zafon,Getz Pharma,Rs 230,10% Off,207, 1 x 10's,Available
Zentro,Bosch,Rs 227,10% Off,204, 14,Available
Zatofen,Novartis,Rs 153,10% Off,138, 60ml,Available
Zatofen,Novartis,Rs 153,10% Off,138, 60ml,Available
Zatofen,Novartis,Rs 112,10% Off,100, 3x10's,Available
Zatofen,Novartis,Rs 112,10% Off,100, 3x10's,Available
Zyprexa,Eli Lilly,"Rs 4,483",10% Off,4035, 4x7's,Available
Zyprexa,Eli Lilly,"Rs 4,483",10% Off,4035, 4x7's,Available
Zyprexa,Eli Lilly,"Rs 4,483",10% Off,4035, 4x7's,Sold Out
Zyprexa,Eli Lilly,"Rs 2,384",10% Off,2146, 1x7's,Available
Zyprexa,Eli Lilly,"Rs 2,384",10% Off,2146, 1x7's,Available
Zyprexa,Eli Lilly,"Rs 2,384",10% Off,2146, 1x7's,Sold Out
Zyprexa,Eli Lilly,"Rs 1,722",10% Off,1550, 4x7's,Available
Zyprexa,Eli Lilly,"Rs 1,722",10% Off,1550, 4x7's,Available
Zyprexa,Eli Lilly,"Rs 1,722",10% Off,1550, 4x7's,Sold Out
ZOLREST 600.MG TAB,Bosch,Rs 600,10% Off,540, 12,Available
Zeenaryl,High-Q,Rs 80,10% Off,72, 2x10's,Available
Zeenaryl,High-Q,Rs 80,10% Off,72, 2x10's,Available
Zeenaryl,High-Q,Rs 80,10% Off,72, 2x10's,Available
Zeenaryl,High-Q,Rs 80,10% Off,72, 2x10's,Available
Zeenaryl,High-Q,Rs 120,10% Off,108, 2x10's,Available
Zeenaryl,High-Q,Rs 120,10% Off,108, 2x10's,Available
Zeenaryl,High-Q,Rs 120,10% Off,108, 2x10's,Available
Zeenaryl,High-Q,Rs 120,10% Off,108, 2x10's,Available
Zeenaryl,High-Q,Rs 127,10% Off,114, 2x10's,Available
Zeenaryl,High-Q,Rs 127,10% Off,114, 2x10's,Available
Zeenaryl,High-Q,Rs 127,10% Off,114, 2x10's,Available
Zeenaryl,High-Q,Rs 127,10% Off,114, 2x10's,Available
Zeenaryl,High-Q,Rs 180,10% Off,162, 2x10's,Available
Zeenaryl,High-Q,Rs 180,10% Off,162, 2x10's,Available
Zeenaryl,High-Q,Rs 180,10% Off,162, 2x10's,Available
Zeenaryl,High-Q,Rs 180,10% Off,162, 2x10's,Available
Zolid,Getz Pharma,Rs 208,10% Off,187, 2 x 7's,Available
Zolid,Getz Pharma,Rs 208,10% Off,187, 2 x 7's,Available
Zolid,Getz Pharma,Rs 208,10% Off,187, 2 x 7's,Available
Zolid,Getz Pharma,Rs 300,10% Off,270, 2 x 7's,Available
Zolid,Getz Pharma,Rs 300,10% Off,270, 2 x 7's,Available
Zolid,Getz Pharma,Rs 300,10% Off,270, 2 x 7's,Available
Zolid,Getz Pharma,Rs 300,10% Off,270, 2 x 7's,Available
Zolid,Getz Pharma,Rs 300,10% Off,270, 2 x 7's,Available
Zolid,Getz Pharma,Rs 300,10% Off,270, 2 x 7's,Available
Zoliget,Getz Pharma,Rs 158,10% Off,142, 2 x 7's,Available
Zoliget,Getz Pharma,Rs 158,10% Off,142, 2 x 7's,Available
Zoliget,Getz Pharma,Rs 158,10% Off,142, 2 x 7's,Available
Zoliget,Getz Pharma,Rs 221,10% Off,198, 2 x 7's,Available
Zoliget,Getz Pharma,Rs 221,10% Off,198, 2 x 7's,Available
Zoliget,Getz Pharma,Rs 221,10% Off,198, 2 x 7's,Available
Zoliget,Getz Pharma,Rs 265,10% Off,239, 2 x 7's,Available
Zoliget,Getz Pharma,Rs 265,10% Off,239, 2 x 7's,Available
Zoliget,Getz Pharma,Rs 265,10% Off,239, 2 x 7's,Available
Zolid plus,Getz Pharma,Rs 98,10% Off,88, 4 x 7's,Available
Zolid plus,Getz Pharma,Rs 98,10% Off,88, 4 x 7's,Available
Zolid plus,Getz Pharma,Rs 105,10% Off,95, 2 x 7's,Available
Zolid plus,Getz Pharma,Rs 105,10% Off,95, 2 x 7's,Available
Zultra,Wilshire,Rs 154,10% Off,138, 2 x10s,Available
Zitrigine,A'raf,Rs 245,10% Off,221, 3x10's,Available
Zitrigine,A'raf,Rs 245,10% Off,221, 3x10's,Sold Out
Zitrigine,A'raf,Rs 218,10% Off,196, 3x10's,Available
Zitrigine,A'raf,Rs 218,10% Off,196, 3x10's,Sold Out
Zopir,Glitz,Rs 200,10% Off,180, 6X10,Available
Zopir,Glitz,Rs 200,10% Off,180, 6X10,Sold Out
Zopir,Glitz,Rs 128,10% Off,115, 60,Available
Zopir,Glitz,Rs 128,10% Off,115, 60,Sold Out
Zepose,Wilshire,Rs 330,10% Off,297, 10,Available
Zepose,Wilshire,Rs 330,10% Off,297, 10,Sold Out
Zepose,Wilshire,Rs 330,10% Off,297, 10,Sold Out
Zepose,Wilshire,Rs 330,10% Off,297, 10,Sold Out
Zepose,Wilshire,Rs 322,10% Off,290, 10,Available
Zepose,Wilshire,Rs 322,10% Off,290, 10,Sold Out
Zepose,Wilshire,Rs 322,10% Off,290, 10,Sold Out
Zepose,Wilshire,Rs 322,10% Off,290, 10,Sold Out
Zepose,Wilshire,Rs 322,10% Off,290, 14,Available
Zepose,Wilshire,Rs 322,10% Off,290, 14,Sold Out
Zepose,Wilshire,Rs 322,10% Off,290, 14,Sold Out
Zepose,Wilshire,Rs 322,10% Off,290, 14,Sold Out
Zepose,Wilshire,Rs 105,10% Off,95, 10,Available
Zepose,Wilshire,Rs 105,10% Off,95, 10,Sold Out
Zepose,Wilshire,Rs 105,10% Off,95, 10,Sold Out
Zepose,Wilshire,Rs 105,10% Off,95, 10,Sold Out
Zepose Plus,Wilshire,Rs 210,10% Off,189, 10,Sold Out
Zepose Plus,Wilshire,Rs 210,10% Off,189, 10,Sold Out
Zepose Plus,Wilshire,Rs 350,10% Off,315, 10,Sold Out
Zepose Plus,Wilshire,Rs 350,10% Off,315, 10,Sold Out
Zyloric,GlaxoSmithKline,Rs 34,10% Off,31, 5 x 10's,Available
Zyloric,GlaxoSmithKline,Rs 34,10% Off,31, 5 x 10's,Available
Zyloric,GlaxoSmithKline,Rs 83,10% Off,75, 30,Available
Zyloric,GlaxoSmithKline,Rs 83,10% Off,75, 30,Available
Zurig,Getz Pharma,Rs 288,10% Off,259, 2 x 10's,Available
Zurig,Getz Pharma,Rs 288,10% Off,259, 2 x 10's,Available
Zurig,Getz Pharma,Rs 450,10% Off,405, 2 x 10's,Available
Zurig,Getz Pharma,Rs 450,10% Off,405, 2 x 10's,Available
Zometa,Novartis,"Rs 23,216",10% Off,20894, 1 Vialx100ml,Sold Out
Z-Mac,Opal,Rs 229,10% Off,206, 15ml,Available
Z-Mac,Opal,Rs 229,10% Off,206, 15ml,Available
Z-Mac,Opal,Rs 688,10% Off,619, 2x5's,Available
Z-Mac,Opal,Rs 688,10% Off,619, 2x5's,Available
Zeecin,Wilshire,Rs 180,10% Off,162, 15ml,Available
Zeecin,Wilshire,Rs 180,10% Off,162, 15ml,Available
Zeecin,Wilshire,Rs 180,10% Off,162, 15ml,Available
Zeecin,Wilshire,Rs 180,10% Off,162, 15ml,Available
Zeecin,Wilshire,Rs 225,10% Off,203, 6,Available
Zeecin,Wilshire,Rs 225,10% Off,203, 6,Available
Zeecin,Wilshire,Rs 225,10% Off,203, 6,Available
Zeecin,Wilshire,Rs 225,10% Off,203, 6,Available
Zeecin,Wilshire,Rs 193,10% Off,173, 3,Available
Zeecin,Wilshire,Rs 193,10% Off,173, 3,Available
Zeecin,Wilshire,Rs 193,10% Off,173, 3,Available
Zeecin,Wilshire,Rs 193,10% Off,173, 3,Available
Zeecin,Wilshire,Rs 113,10% Off,101, 2 x 3's,Available
Zeecin,Wilshire,Rs 113,10% Off,101, 2 x 3's,Available
Zeecin,Wilshire,Rs 113,10% Off,101, 2 x 3's,Available
Zeecin,Wilshire,Rs 113,10% Off,101, 2 x 3's,Available
Zetamax capsule,Pfizer,Rs 301,10% Off,271, 1x6's,Available
Zetamax syrup,Pfizer,Rs 365,10% Off,328, 22.5ml,Available
Zezot,Bosch,Rs 169,10% Off,152, 6,Available
Zezot,Bosch,Rs 169,10% Off,152, 6,Available
Zezot,Bosch,Rs 169,10% Off,152, 6,Available
Zezot,Bosch,Rs 169,10% Off,152, 6,Available
Zezot,Bosch,Rs 268,10% Off,241, 1 Vial,Available
Zezot,Bosch,Rs 268,10% Off,241, 1 Vial,Available
Zezot,Bosch,Rs 268,10% Off,241, 1 Vial,Available
Zezot,Bosch,Rs 268,10% Off,241, 1 Vial,Available
Zezot,Bosch,Rs 272,10% Off,244, 15ml,Available
Zezot,Bosch,Rs 272,10% Off,244, 15ml,Available
Zezot,Bosch,Rs 272,10% Off,244, 15ml,Available
Zezot,Bosch,Rs 272,10% Off,244, 15ml,Available
Zezot,Bosch,Rs 346,10% Off,311, 6,Available
Zezot,Bosch,Rs 346,10% Off,311, 6,Available
Zezot,Bosch,Rs 346,10% Off,311, 6,Available
Zezot,Bosch,Rs 346,10% Off,311, 6,Available
Zithro,Davis Pharma,Rs 127,10% Off,114, 6,Available
Zithro,Davis Pharma,Rs 127,10% Off,114, 6,Available
Zithro,Davis Pharma,Rs 275,10% Off,248, 6,Available
Zithro,Davis Pharma,Rs 275,10% Off,248, 6,Available
Zithrosan,Sante,Rs 432,10% Off,389, 10,Available
Zithrosan,Sante,Rs 432,10% Off,389, 10,Available
Zithrosan,Sante,Rs 432,10% Off,389, 10,Available
Zithrosan,Sante,Rs 245,10% Off,220, 15ml,Available
Zithrosan,Sante,Rs 245,10% Off,220, 15ml,Available
Zithrosan,Sante,Rs 245,10% Off,220, 15ml,Available
Zithrosan,Sante,Rs 298,10% Off,268, 5 ml,Available
Zithrosan,Sante,Rs 298,10% Off,268, 5 ml,Available
Zithrosan,Sante,Rs 298,10% Off,268, 5 ml,Available
Zonacin,Akhai,Rs 185,10% Off,167, 10,Available
Zeclorin,Bryon,Rs 270,10% Off,243, 10,Available
Zeclorin,Bryon,Rs 270,10% Off,243, 10,Available
Zeclorin,Bryon,Rs 270,10% Off,243, 10,Sold Out
Zeclorin,Bryon,Rs 445,10% Off,401, 10,Available
Zeclorin,Bryon,Rs 445,10% Off,401, 10,Available
Zeclorin,Bryon,Rs 445,10% Off,401, 10,Sold Out
Zeclorin,Bryon,Rs 223,10% Off,201, 60ml,Available
Zeclorin,Bryon,Rs 223,10% Off,201, 60ml,Available
Zeclorin,Bryon,Rs 223,10% Off,201, 60ml,Sold Out
Zamoclav,Zafa,Rs 226,10% Off,203, 6 Vial,Available
Zamoclav,Zafa,Rs 226,10% Off,203, 6 Vial,Available
Zamoclav,Zafa,Rs 226,10% Off,203, 6 Vial,Available
Zamoclav,Zafa,Rs 226,10% Off,203, 6 Vial,Available
Zamoclav,Zafa,Rs 226,10% Off,203, 6 Vial,Available
Zamoclav,Zafa,Rs 226,10% Off,203, 6 Vial,Available
Zamoclav,Zafa,Rs 226,10% Off,203, 6 Vial,Available
Zamoclav,Zafa,Rs 133,10% Off,120, 1 Vial,Available
Zamoclav,Zafa,Rs 133,10% Off,120, 1 Vial,Available
Zamoclav,Zafa,Rs 133,10% Off,120, 1 Vial,Available
Zamoclav,Zafa,Rs 133,10% Off,120, 1 Vial,Available
Zamoclav,Zafa,Rs 133,10% Off,120, 1 Vial,Available
Zamoclav,Zafa,Rs 133,10% Off,120, 1 Vial,Available
Zamoclav,Zafa,Rs 133,10% Off,120, 1 Vial,Available
Zamoclav,Zafa,Rs 125,10% Off,112, 60ml,Available
Zamoclav,Zafa,Rs 125,10% Off,112, 60ml,Available
Zamoclav,Zafa,Rs 125,10% Off,112, 60ml,Available
Zamoclav,Zafa,Rs 125,10% Off,112, 60ml,Available
Zamoclav,Zafa,Rs 125,10% Off,112, 60ml,Available
Zamoclav,Zafa,Rs 125,10% Off,112, 60ml,Available
Zamoclav,Zafa,Rs 125,10% Off,112, 60ml,Available
Zamoclav,Zafa,Rs 171,10% Off,153, 60ml,Available
Zamoclav,Zafa,Rs 171,10% Off,153, 60ml,Available
Zamoclav,Zafa,Rs 171,10% Off,153, 60ml,Available
Zamoclav,Zafa,Rs 171,10% Off,153, 60ml,Available
Zamoclav,Zafa,Rs 171,10% Off,153, 60ml,Available
Zamoclav,Zafa,Rs 171,10% Off,153, 60ml,Available
Zamoclav,Zafa,Rs 171,10% Off,153, 60ml,Available
Zamoclav,Zafa,Rs 285,10% Off,257, 6,Available
Zamoclav,Zafa,Rs 285,10% Off,257, 6,Available
Zamoclav,Zafa,Rs 285,10% Off,257, 6,Available
Zamoclav,Zafa,Rs 285,10% Off,257, 6,Available
Zamoclav,Zafa,Rs 285,10% Off,257, 6,Available
Zamoclav,Zafa,Rs 285,10% Off,257, 6,Available
Zamoclav,Zafa,Rs 285,10% Off,257, 6,Available
Zamoclav,Zafa,Rs 210,10% Off,189, 10,Available
Zamoclav,Zafa,Rs 210,10% Off,189, 10,Available
Zamoclav,Zafa,Rs 210,10% Off,189, 10,Available
Zamoclav,Zafa,Rs 210,10% Off,189, 10,Available
Zamoclav,Zafa,Rs 210,10% Off,189, 10,Available
Zamoclav,Zafa,Rs 210,10% Off,189, 10,Available
Zamoclav,Zafa,Rs 210,10% Off,189, 10,Available
Zamoclav,Zafa,Rs 350,10% Off,315, 1 x 10's,Available
Zamoclav,Zafa,Rs 350,10% Off,315, 1 x 10's,Available
Zamoclav,Zafa,Rs 350,10% Off,315, 1 x 10's,Available
Zamoclav,Zafa,Rs 350,10% Off,315, 1 x 10's,Available
Zamoclav,Zafa,Rs 350,10% Off,315, 1 x 10's,Available
Zamoclav,Zafa,Rs 350,10% Off,315, 1 x 10's,Available
Zamoclav,Zafa,Rs 350,10% Off,315, 1 x 10's,Available
Zafquin,Zafa,Rs 30,10% Off,27, 10 Ampx2ml,Available
Zomacin,Stand Pharm,Rs 118,10% Off,106, 2ml,Available
Zomacin,Stand Pharm,Rs 118,10% Off,106, 2ml,Available
Zomacin,Stand Pharm,Rs 118,10% Off,106, 2ml,Available
Zomacin,Stand Pharm,Rs 206,10% Off,185, 2ml,Available
Zomacin,Stand Pharm,Rs 206,10% Off,185, 2ml,Available
Zomacin,Stand Pharm,Rs 206,10% Off,185, 2ml,Available
Zomacin,Stand Pharm,Rs 299,10% Off,269, 2ml,Available
Zomacin,Stand Pharm,Rs 299,10% Off,269, 2ml,Available
Zomacin,Stand Pharm,Rs 299,10% Off,269, 2ml,Available
Zyrtec,GlaxoSmithKline,Rs 144,10% Off,130, 2x15's,Available
Zyrtec,GlaxoSmithKline,Rs 112,10% Off,112, 60ml,Available
Zavedos,Pfizer,"Rs 9,355",10% Off,8419, 1 Vial,Available
Zavedos,Pfizer,"Rs 9,355",10% Off,8419, 1 Vial,Sold Out
Zavedos,Pfizer,"Rs 5,034",10% Off,4530, 1 Vial,Available
Zavedos,Pfizer,"Rs 5,034",10% Off,4530, 1 Vial,Sold Out
Zespra,Schazoo Pharmaceuticals,Rs 210,10% Off,189, 1x14's,Available
Zespra,Schazoo Pharmaceuticals,Rs 210,10% Off,189, 1x14's,Sold Out
Zespra,Schazoo Pharmaceuticals,Rs 60,10% Off,54, 2x7's,Available
Zespra,Schazoo Pharmaceuticals,Rs 60,10% Off,54, 2x7's,Sold Out
Zimes,Zafa,Rs 174,10% Off,156, 1x14's,Available
Zimes,Zafa,Rs 174,10% Off,156, 1x14's,Available
Zimes,Zafa,Rs 174,10% Off,156, 1x14's,Sold Out
Zimes,Zafa,Rs 173,10% Off,156, 2 x 7's,Available
Zimes,Zafa,Rs 173,10% Off,156, 2 x 7's,Available
Zimes,Zafa,Rs 173,10% Off,156, 2 x 7's,Sold Out
Zimes,Zafa,Rs 347,10% Off,312, 1x14's,Available
Zimes,Zafa,Rs 347,10% Off,312, 1x14's,Available
Zimes,Zafa,Rs 347,10% Off,312, 1x14's,Sold Out
Zoleric,Genix,Rs 149,10% Off,134, 2x7's,Available
Zoleric,Genix,Rs 149,10% Off,134, 2x7's,Available
Zoleric,Genix,Rs 188,10% Off,169, 2x7's,Available
Zoleric,Genix,Rs 188,10% Off,169, 2x7's,Available
Zolpip,Titlis Pharma,Rs 189,10% Off,170, 1x14's,Available
Zolpip,Titlis Pharma,Rs 189,10% Off,170, 1x14's,Available
Zolpip,Titlis Pharma,Rs 189,10% Off,170, 1x14's,Available
Zolpip,Titlis Pharma,Rs 189,10% Off,170, 1x14's,Sold Out
Zolpip,Titlis Pharma,Rs 95,10% Off,85, 2 x 7's,Available
Zolpip,Titlis Pharma,Rs 95,10% Off,85, 2 x 7's,Available
Zolpip,Titlis Pharma,Rs 95,10% Off,85, 2 x 7's,Available
Zolpip,Titlis Pharma,Rs 95,10% Off,85, 2 x 7's,Sold Out
Zolpip,Titlis Pharma,Rs 158,10% Off,142, 2 x 7's,Available
Zolpip,Titlis Pharma,Rs 158,10% Off,142, 2 x 7's,Available
Zolpip,Titlis Pharma,Rs 158,10% Off,142, 2 x 7's,Available
Zolpip,Titlis Pharma,Rs 158,10% Off,142, 2 x 7's,Sold Out
Zolpip,Titlis Pharma,Rs 131,10% Off,118, 1x14's,Available
Zolpip,Titlis Pharma,Rs 131,10% Off,118, 1x14's,Available
Zolpip,Titlis Pharma,Rs 131,10% Off,118, 1x14's,Available
Zolpip,Titlis Pharma,Rs 131,10% Off,118, 1x14's,Sold Out
Zoom,Scilife,Rs 195,10% Off,176, 2x10's,Available
Zoom,Scilife,Rs 195,10% Off,176, 2x10's,Available
Zoom,Scilife,Rs 370,10% Off,333, 2x10's,Available
Zoom,Scilife,Rs 370,10% Off,333, 2x10's,Available
Zumin,Semos,Rs 87,10% Off,78, 2x7's,Available
Zumin,Semos,Rs 87,10% Off,78, 2x7's,Available
Zumin,Semos,Rs 141,10% Off,127, 2x7's,Available
Zumin,Semos,Rs 141,10% Off,127, 2x7's,Available
Zune,Wilshire,Rs 290,10% Off,261, 1 Vial,Available
Zune,Wilshire,Rs 290,10% Off,261, 1 Vial,Available
Zune,Wilshire,Rs 290,10% Off,261, 1 Vial,Available
Zune,Wilshire,Rs 148,10% Off,133, 2x10's,Available
Zune,Wilshire,Rs 148,10% Off,133, 2x10's,Available
Zune,Wilshire,Rs 148,10% Off,133, 2x10's,Available
Zune,Wilshire,Rs 243,10% Off,218, 2x10's,Available
Zune,Wilshire,Rs 243,10% Off,218, 2x10's,Available
Zune,Wilshire,Rs 243,10% Off,218, 2x10's,Available
Zolanix,GlaxoSmithKline,Rs 748,10% Off,673, 4,Available
Zepres Plus,Asian Continental,Rs 119,10% Off,107, 2 x 10 's,Available
Zestoretic,ICI Pakistan Limited,Rs 643,10% Off,579, 2x14's,Available
Zentro 40mg,Bosch,Rs 406,10% Off,365, 1x14,Available
Zylofixim,Remington,Rs 399,10% Off,359, 5's,Available
Zylofixim,Remington,Rs 399,10% Off,359, 5's,Available
Zylofixim,Remington,Rs 399,10% Off,359, 5's,Available
Zylofixim,Remington,Rs 232,10% Off,208, 30ml,Available
Zylofixim,Remington,Rs 232,10% Off,208, 30ml,Available
Zylofixim,Remington,Rs 232,10% Off,208, 30ml,Available
Zylofixim,Remington,Rs 272,10% Off,245, 30ml,Available
Zylofixim,Remington,Rs 272,10% Off,245, 30ml,Available
Zylofixim,Remington,Rs 272,10% Off,245, 30ml,Available
Zipazom,Zafa,Rs 139,10% Off,125, 1 Vial,Available
Zipazom,Zafa,Rs 139,10% Off,125, 1 Vial,Sold Out
Zipazom,Zafa,Rs 139,10% Off,125, 1 Vial,Sold Out
Zipazom,Zafa,Rs 230,10% Off,207, 1 Vial,Available
Zipazom,Zafa,Rs 230,10% Off,207, 1 Vial,Sold Out
Zipazom,Zafa,Rs 230,10% Off,207, 1 Vial,Sold Out
Zipazom,Zafa,Rs 581,10% Off,523, 1 Vial,Available
Zipazom,Zafa,Rs 581,10% Off,523, 1 Vial,Sold Out
Zipazom,Zafa,Rs 581,10% Off,523, 1 Vial,Sold Out
Zipazom,Zafa,Rs 77,10% Off,77, 1 Vial,Available
Zipazom,Zafa,Rs 77,10% Off,77, 1 Vial,Sold Out
Zipazom,Zafa,Rs 77,10% Off,77, 1 Vial,Sold Out
Zafixime,Zafa,Rs 135,10% Off,122, 1 Vial,Available
Zafixime,Zafa,Rs 60,10% Off,60, 1 Vial,Available
Zafixime,Zafa,Rs 75,10% Off,75, 1 Vial,Available
Zavget,Getz Pharma,Rs 490,10% Off,441, 1 x 14's,Available
Zipenta,Zafa,Rs 120,10% Off,108, 1 Vial,Available
Zipenta,Zafa,Rs 42,10% Off,42, 1 Vial,Available
Zipenta,Zafa,Rs 75,10% Off,75, 1 Vial,Available
Zerogout 40mg,Aspin Pharma,Rs 209,10% Off,188, 2 x 10's,Available
Zeftrox,Zafa,Rs 110,10% Off,99, 1 Vial,Available
Zeftrox,Zafa,Rs 110,10% Off,99, 1 Vial,Available
Zeftrox,Zafa,Rs 185,10% Off,167, 1 Vial,Available
Zeftrox,Zafa,Rs 185,10% Off,167, 1 Vial,Available
Zeftrox,Zafa,Rs 70,10% Off,70, 1 Vial,Available
Zeftrox,Zafa,Rs 70,10% Off,70, 1 Vial,Available
Zafurox,Zafa,Rs 162,10% Off,146, 1 Vial,Available
Zafurox,Zafa,Rs 162,10% Off,146, 1 Vial,Available
Zafurox,Zafa,Rs 162,10% Off,146, 1 Vial,Available
Zafurox,Zafa,Rs 162,10% Off,146, 1 Vial,Available
Zafurox,Zafa,Rs 274,10% Off,246, 50ml,Available
Zafurox,Zafa,Rs 274,10% Off,246, 50ml,Available
Zafurox,Zafa,Rs 274,10% Off,246, 50ml,Available
Zafurox,Zafa,Rs 274,10% Off,246, 50ml,Available
Zafurox,Zafa,Rs 346,10% Off,311, 14's,Available
Zafurox,Zafa,Rs 346,10% Off,311, 14's,Available
Zafurox,Zafa,Rs 346,10% Off,311, 14's,Available
Zafurox,Zafa,Rs 346,10% Off,311, 14's,Available
Zafurox,Zafa,Rs 677,10% Off,609, 14's,Available
Zafurox,Zafa,Rs 677,10% Off,609, 14's,Available
Zafurox,Zafa,Rs 677,10% Off,609, 14's,Available
Zafurox,Zafa,Rs 677,10% Off,609, 14's,Available
Zafurox,Zafa,Rs 36,10% Off,36, 1 Vial,Available
Zafurox,Zafa,Rs 36,10% Off,36, 1 Vial,Available
Zafurox,Zafa,Rs 36,10% Off,36, 1 Vial,Available
Zafurox,Zafa,Rs 36,10% Off,36, 1 Vial,Available
Zecef,Bosch,Rs 275,10% Off,248, 1 Vial,Available
Zecef,Bosch,Rs 275,10% Off,248, 1 Vial,Available
Zecef,Bosch,Rs 275,10% Off,248, 1 Vial,Available
Zecef,Bosch,Rs 275,10% Off,248, 1 Vial,Available
Zecef,Bosch,Rs 275,10% Off,248, 1 Vial,Available
Zecef,Bosch,Rs 170,10% Off,153, 1 Vial,Available
Zecef,Bosch,Rs 170,10% Off,153, 1 Vial,Available
Zecef,Bosch,Rs 170,10% Off,153, 1 Vial,Available
Zecef,Bosch,Rs 170,10% Off,153, 1 Vial,Available
Zecef,Bosch,Rs 170,10% Off,153, 1 Vial,Available
Zecef,Bosch,Rs 370,10% Off,333, 50ml,Available
Zecef,Bosch,Rs 370,10% Off,333, 50ml,Available
Zecef,Bosch,Rs 370,10% Off,333, 50ml,Available
Zecef,Bosch,Rs 370,10% Off,333, 50ml,Available
Zecef,Bosch,Rs 370,10% Off,333, 50ml,Available
Zecef,Bosch,Rs 661,10% Off,595, 14's,Available
Zecef,Bosch,Rs 661,10% Off,595, 14's,Available
Zecef,Bosch,Rs 661,10% Off,595, 14's,Available
Zecef,Bosch,Rs 661,10% Off,595, 14's,Available
Zecef,Bosch,Rs 661,10% Off,595, 14's,Available
Zecef,Bosch,Rs 784,10% Off,706, 14's,Available
Zecef,Bosch,Rs 784,10% Off,706, 14's,Available
Zecef,Bosch,Rs 784,10% Off,706, 14's,Available
Zecef,Bosch,Rs 784,10% Off,706, 14's,Available
Zecef,Bosch,Rs 784,10% Off,706, 14's,Available
Zecef,Bosch,Rs 54,10% Off,54, 1 Vial,Available
Zecef,Bosch,Rs 54,10% Off,54, 1 Vial,Available
Zecef,Bosch,Rs 54,10% Off,54, 1 Vial,Available
Zecef,Bosch,Rs 54,10% Off,54, 1 Vial,Available
Zecef,Bosch,Rs 54,10% Off,54, 1 Vial,Available
Zinacef,GlaxoSmithKline,Rs 486,10% Off,437, 1 Vial,Available
Zinacef,GlaxoSmithKline,Rs 486,10% Off,437, 1 Vial,Available
Zinacef,GlaxoSmithKline,Rs 486,10% Off,437, 1 Vial,Available
Zinacef,GlaxoSmithKline,Rs 486,10% Off,437, 1 Vial,Available
Zinacef,GlaxoSmithKline,Rs 486,10% Off,437, 1 Vial,Sold Out
Zinacef,GlaxoSmithKline,Rs 61,10% Off,55, 5 Vial,Available
Zinacef,GlaxoSmithKline,Rs 61,10% Off,55, 5 Vial,Available
Zinacef,GlaxoSmithKline,Rs 61,10% Off,55, 5 Vial,Available
Zinacef,GlaxoSmithKline,Rs 61,10% Off,55, 5 Vial,Available
Zinacef,GlaxoSmithKline,Rs 61,10% Off,55, 5 Vial,Sold Out
Zinacef,GlaxoSmithKline,Rs 265,10% Off,239, 1 Vial,Available
Zinacef,GlaxoSmithKline,Rs 265,10% Off,239, 1 Vial,Available
Zinacef,GlaxoSmithKline,Rs 265,10% Off,239, 1 Vial,Available
Zinacef,GlaxoSmithKline,Rs 265,10% Off,239, 1 Vial,Available
Zinacef,GlaxoSmithKline,Rs 265,10% Off,239, 1 Vial,Sold Out
Zinacef,GlaxoSmithKline,Rs 666,10% Off,599, 2x7's,Available
Zinacef,GlaxoSmithKline,Rs 666,10% Off,599, 2x7's,Available
Zinacef,GlaxoSmithKline,Rs 666,10% Off,599, 2x7's,Available
Zinacef,GlaxoSmithKline,Rs 666,10% Off,599, 2x7's,Available
Zinacef,GlaxoSmithKline,Rs 666,10% Off,599, 2x7's,Sold Out
Zinacef,GlaxoSmithKline,Rs 87,10% Off,87, 1 Vial,Available
Zinacef,GlaxoSmithKline,Rs 87,10% Off,87, 1 Vial,Available
Zinacef,GlaxoSmithKline,Rs 87,10% Off,87, 1 Vial,Available
Zinacef,GlaxoSmithKline,Rs 87,10% Off,87, 1 Vial,Available
Zinacef,GlaxoSmithKline,Rs 87,10% Off,87, 1 Vial,Sold Out
Zinacef,GlaxoSmithKline,Rs 222,10% Off,200, 2x7's,Available
Zinacef,GlaxoSmithKline,Rs 222,10% Off,200, 2x7's,Available
Zinacef,GlaxoSmithKline,Rs 222,10% Off,200, 2x7's,Available
Zinacef,GlaxoSmithKline,Rs 222,10% Off,200, 2x7's,Available
Zinacef,GlaxoSmithKline,Rs 222,10% Off,200, 2x7's,Sold Out
Ziclofen SR,novins,Rs 77,10% Off,69, 3x10's,Available
Zerogout,Aspin Pharma,Rs 359,10% Off,323, 20's,Available
Zedan 15mg,Surge,Rs 161,10% Off,145, 3x10's,Available
Zaxine 75mg SR,A'raf,Rs 329,10% Off,296, 14's,Available
Zultracet,Wilshire,Rs 155,10% Off,140, 2 x 10's,Available
Zultracet,Wilshire,Rs 155,10% Off,140, 2 x 10's,Sold Out
Zultracet,Wilshire,Rs 320,10% Off,288, 10,Available
Zultracet,Wilshire,Rs 320,10% Off,288, 10,Sold Out
Zaline,A'raf,Rs 295,10% Off,266, 30s,Available
Zenbar,Searle,Rs 371,10% Off,334, 1x10's,Available
Zenbar,Searle,Rs 371,10% Off,334, 1x10's,Available
Zenbar,Searle,Rs 371,10% Off,334, 1x10's,Available
Zenbar,Searle,Rs 507,10% Off,456, 1x10's,Available
Zenbar,Searle,Rs 507,10% Off,456, 1x10's,Available
Zenbar,Searle,Rs 507,10% Off,456, 1x10's,Available
Zenbar,Searle,Rs 232,10% Off,209, 2 x 7's,Available
Zenbar,Searle,Rs 232,10% Off,209, 2 x 7's,Available
Zenbar,Searle,Rs 232,10% Off,209, 2 x 7's,Available
Zanzia 10mg,A'raf,Rs 202,10% Off,182, 10's,Available
Zolopat 0.1%,Remington,Rs 300,10% Off,270, 5ml,Available
Zoltar,Pharm Evo,Rs 130,10% Off,117, 2x7's,Available
Zoltar,Pharm Evo,Rs 130,10% Off,117, 2x7's,Available
Zoltar,Pharm Evo,Rs 141,10% Off,127, 2x7's,Available
Zoltar,Pharm Evo,Rs 141,10% Off,127, 2x7's,Available
Zopan,Pharmatec,Rs 721,10% Off,649, 200's,Available
Zopan,Pharmatec,Rs 721,10% Off,649, 200's,Available
Zopan,Pharmatec,Rs 721,10% Off,649, 200's,Sold Out
Zopan,Pharmatec,Rs 721,10% Off,649, 200's,Sold Out
Zopan,Pharmatec,Rs 721,10% Off,649, 200's,Sold Out
Zopan,Pharmatec,Rs 22,10% Off,19, 20 x 10's,Available
Zopan,Pharmatec,Rs 22,10% Off,19, 20 x 10's,Available
Zopan,Pharmatec,Rs 22,10% Off,19, 20 x 10's,Sold Out
Zopan,Pharmatec,Rs 22,10% Off,19, 20 x 10's,Sold Out
Zopan,Pharmatec,Rs 22,10% Off,19, 20 x 10's,Sold Out
Zopan,Pharmatec,Rs 200,10% Off,180, 1 x 100 's,Available
Zopan,Pharmatec,Rs 200,10% Off,180, 1 x 100 's,Available
Zopan,Pharmatec,Rs 200,10% Off,180, 1 x 100 's,Sold Out
Zopan,Pharmatec,Rs 200,10% Off,180, 1 x 100 's,Sold Out
Zopan,Pharmatec,Rs 200,10% Off,180, 1 x 100 's,Sold Out
Zopan,Pharmatec,Rs 118,10% Off,106, 100's,Available
Zopan,Pharmatec,Rs 118,10% Off,106, 100's,Available
Zopan,Pharmatec,Rs 118,10% Off,106, 100's,Sold Out
Zopan,Pharmatec,Rs 118,10% Off,106, 100's,Sold Out
Zopan,Pharmatec,Rs 118,10% Off,106, 100's,Sold Out
Zopan,Pharmatec,Rs 434,10% Off,391, 200's,Available
Zopan,Pharmatec,Rs 434,10% Off,391, 200's,Available
Zopan,Pharmatec,Rs 434,10% Off,391, 200's,Sold Out
Zopan,Pharmatec,Rs 434,10% Off,391, 200's,Sold Out
Zopan,Pharmatec,Rs 434,10% Off,391, 200's,Sold Out
Ziapine,A'raf,Rs 467,10% Off,420, 1x10,Available
Ziapine,A'raf,Rs 467,10% Off,420, 1x10,Available
Ziapine,A'raf,Rs 725,10% Off,653, 1x10,Available
Ziapine,A'raf,Rs 725,10% Off,653, 1x10,Available
Zentro Injection,Bosch,Rs 290,10% Off,261, 1 Vial,Available
Zaftolin,Zafa,Rs 13,10% Off,11, 10x10's,Available
Zaftolin,Zafa,Rs 13,10% Off,11, 10x10's,Available
Zaftolin,Zafa,Rs 11,10% Off,10, 10x10's,Available
Zaftolin,Zafa,Rs 11,10% Off,10, 10x10's,Available
Zaftolin,Zafa,Rs 41,10% Off,41, 60 ml,Available
Zaftolin,Zafa,Rs 41,10% Off,41, 60 ml,Available
Zepres,Asian Continental,Rs 82,10% Off,74, 2 x 10's,Available
Zepres,Asian Continental,Rs 48,10% Off,48, 2 x 10's,Available
Zauxit,Zafa,Rs 87,10% Off,79, 2x10's,Available
Zink,Belle Vie,Rs 320,10% Off,288, 1x60's,Available
Zilero,Pharm Evo,Rs 571,10% Off,514, 3x10's,Available
Zilero,Pharm Evo,Rs 571,10% Off,514, 3x10's,Available
Zilero,Pharm Evo,Rs 871,10% Off,784, 3x10's,Available
Zilero,Pharm Evo,Rs 871,10% Off,784, 3x10's,Available
Zetamax Tab,Pfizer,Rs 301,10% Off,271, 6's,Available
Zolmig,ICI Pakistan Limited,Rs 409,10% Off,368, 1x3's,Available
Zoledronic Acid AHP,Al Habib Pharmaceuticals,"Rs 21,629",10% Off,19466, 1 Vial,Available
Zycram,Al Habib Pharmaceuticals,"Rs 1,195",10% Off,1076, 1 Vial,Available
Zylexx SR,A'raf,Rs 239,10% Off,215, 2 x 10's,Available
Zavicefta Powder For Concentrate For Solution For Infusion,Pfizer,"Rs 8,385",10% Off,7547, 1 x 10 Vials Powder,Available
Zopan DS,Pharmatec,Rs 43,10% Off,39, 20 x 10's,Available
Zerifax,AGP,Rs 312,10% Off,281, 1 x 10's,Available
Zerifax,AGP,Rs 312,10% Off,281, 1 x 10's,Available
Zerifax,AGP,Rs 786,10% Off,707, 1 x 10's,Available
Zerifax,AGP,Rs 786,10% Off,707, 1 x 10's,Available
Zolacort,Hudson Pharma's,Rs 188,10% Off,169, 20 gm,Available
Zoloft,Pfizer,Rs 895,10% Off,805, 3x10's,Sold Out
Zolam 0.5mg,Sante,Rs 43,10% Off,38, 3x10's,Sold Out
Zovirax 200mg,GlaxoSmithKline,Rs 319,10% Off,287, 25s,Sold Out
Zolp,Adamjee Pharmaceuticals,Rs 302,10% Off,272, 2x10's,Sold Out
Zovirax,GlaxoSmithKline,Rs 766,10% Off,689, 10gm,Sold Out
Zeal,Maple,Rs 133,10% Off,120, 2x7's,Sold Out
Zeal,Maple,Rs 133,10% Off,120, 2x7's,Sold Out
Zeal,Maple,Rs 182,10% Off,164, 14s,Sold Out
Zeal,Maple,Rs 182,10% Off,164, 14s,Sold Out
Zeal,Maple,Rs 78,10% Off,78, 2x7's,Sold Out
Zeal,Maple,Rs 78,10% Off,78, 2x7's,Sold Out
Zonor,Pharmatec,Rs 33,10% Off,30, 5 Ampx1 ml,Sold Out
Zonor,Pharmatec,Rs 33,10% Off,30, 5 Ampx1 ml,Sold Out
Zonor,Pharmatec,Rs 86,10% Off,77, 5x10s,Sold Out
Zonor,Pharmatec,Rs 86,10% Off,77, 5x10s,Sold Out
Zocinitt,Lowitt,Rs 20,10% Off,18, 100,Sold Out
Zaron,Raazee,Rs 36,10% Off,32, 3x10's,Sold Out
Zopiramate,A'raf,Rs 233,10% Off,210, 6x10's,Sold Out
Zygel,Bloom Pharma,Rs 118,10% Off,107, 1,Sold Out
Zystat,Global-Vision,Rs 189,10% Off,170, 20,Sold Out
Zystat,Global-Vision,Rs 189,10% Off,170, 20,Sold Out
Zystat,Global-Vision,Rs 290,10% Off,261, 20,Sold Out
Zystat,Global-Vision,Rs 290,10% Off,261, 20,Sold Out
Zoldic,CCL,"Rs 15,000",10% Off,13500, 1 Vial,Sold Out
Zoldria,Cipla-A.J. Mirza,"Rs 15,000",10% Off,13500, 1 Vial,Sold Out
Zatrocin,Usawa,Rs 255,10% Off,230, 10,Sold Out
Zatrocin,Usawa,Rs 255,10% Off,230, 10,Sold Out
Zatrocin,Usawa,Rs 165,10% Off,149, 15ml,Sold Out
Zatrocin,Usawa,Rs 165,10% Off,149, 15ml,Sold Out
Zee,Danas,Rs 255,10% Off,230, 10,Sold Out
Zee,Danas,Rs 255,10% Off,230, 10,Sold Out
Zee,Danas,Rs 275,10% Off,248, 6,Sold Out
Zee,Danas,Rs 275,10% Off,248, 6,Sold Out
Zesty,Innvotek,Rs 250,10% Off,225, 10,Sold Out
Zewin,Orta,Rs 255,10% Off,230, 10,Sold Out
Zewin,Orta,Rs 255,10% Off,230, 10,Sold Out
Zewin,Orta,Rs 165,10% Off,149, 15ml,Sold Out
Zewin,Orta,Rs 165,10% Off,149, 15ml,Sold Out
Zicure,Medicaids,Rs 140,10% Off,126, 6,Sold Out
Zicure,Medicaids,Rs 140,10% Off,126, 6,Sold Out
Zicure,Medicaids,Rs 140,10% Off,126, 15ml,Sold Out
Zicure,Medicaids,Rs 140,10% Off,126, 15ml,Sold Out
Zim,Genome Pharma,Rs 165,10% Off,149, 15ml,Sold Out
Zim,Genome Pharma,Rs 165,10% Off,149, 15ml,Sold Out
Zim,Genome Pharma,Rs 165,10% Off,149, 15ml,Sold Out
Zim,Genome Pharma,Rs 165,10% Off,149, 15ml,Sold Out
Zim,Genome Pharma,Rs 255,10% Off,230, 10,Sold Out
Zim,Genome Pharma,Rs 255,10% Off,230, 10,Sold Out
Zim,Genome Pharma,Rs 255,10% Off,230, 10,Sold Out
Zim,Genome Pharma,Rs 255,10% Off,230, 10,Sold Out
Zim,Genome Pharma,Rs 153,10% Off,138, 6,Sold Out
Zim,Genome Pharma,Rs 153,10% Off,138, 6,Sold Out
Zim,Genome Pharma,Rs 153,10% Off,138, 6,Sold Out
Zim,Genome Pharma,Rs 153,10% Off,138, 6,Sold Out
Zim,Genome Pharma,Rs 275,10% Off,248, 6,Sold Out
Zim,Genome Pharma,Rs 275,10% Off,248, 6,Sold Out
Zim,Genome Pharma,Rs 275,10% Off,248, 6,Sold Out
Zim,Genome Pharma,Rs 275,10% Off,248, 6,Sold Out
Ziromax,Polyfine,Rs 190,10% Off,171, 6,Sold Out
Zithagen,Genesis,Rs 255,10% Off,230, 10,Sold Out
Zithin,Wisdom,Rs 238,10% Off,214, 10,Sold Out
Zithin,Wisdom,Rs 238,10% Off,214, 10,Sold Out
Zithin,Wisdom,Rs 150,10% Off,135, 6,Sold Out
Zithin,Wisdom,Rs 150,10% Off,135, 6,Sold Out
Zithosim,Simz,Rs 255,10% Off,230, 10,Sold Out
Zithosim,Simz,Rs 255,10% Off,230, 10,Sold Out
Zithosim,Simz,Rs 193,10% Off,174, 15ml,Sold Out
Zithosim,Simz,Rs 193,10% Off,174, 15ml,Sold Out
Zithrax,Biocare,Rs 296,10% Off,266, 1 Vial,Sold Out
Zithrofast,Medifine,Rs 255,10% Off,230, 10,Sold Out
Zithromed,Medicraft,Rs 200,10% Off,180, 6,Sold Out
Zithromed,Medicraft,Rs 200,10% Off,180, 6,Sold Out
Zithromed,Medicraft,Rs 150,10% Off,135, 15ml,Sold Out
Zithromed,Medicraft,Rs 150,10% Off,135, 15ml,Sold Out
Zithrovel,Well  & Well,Rs 153,10% Off,138, 6,Sold Out
Zithrovel,Well  & Well,Rs 153,10% Off,138, 6,Sold Out
Zithrovel,Well  & Well,Rs 153,10% Off,138, 6,Sold Out
Zithrovel,Well  & Well,Rs 153,10% Off,138, 6,Sold Out
Zithrovel,Well  & Well,Rs 165,10% Off,149, 15ml,Sold Out
Zithrovel,Well  & Well,Rs 165,10% Off,149, 15ml,Sold Out
Zithrovel,Well  & Well,Rs 165,10% Off,149, 15ml,Sold Out
Zithrovel,Well  & Well,Rs 165,10% Off,149, 15ml,Sold Out
Zithrovel,Well  & Well,Rs 150,10% Off,135, 6,Sold Out
Zithrovel,Well  & Well,Rs 150,10% Off,135, 6,Sold Out
Zithrovel,Well  & Well,Rs 150,10% Off,135, 6,Sold Out
Zithrovel,Well  & Well,Rs 150,10% Off,135, 6,Sold Out
Zithrovel,Well  & Well,Rs 275,10% Off,248, 6,Sold Out
Zithrovel,Well  & Well,Rs 275,10% Off,248, 6,Sold Out
Zithrovel,Well  & Well,Rs 275,10% Off,248, 6,Sold Out
Zithrovel,Well  & Well,Rs 275,10% Off,248, 6,Sold Out
Zithrowan,Wisdom,Rs 150,10% Off,135, 6,Sold Out
Zithrowan,Wisdom,Rs 150,10% Off,135, 6,Sold Out
Zithrowan,Wisdom,Rs 275,10% Off,248, 6,Sold Out
Zithrowan,Wisdom,Rs 275,10% Off,248, 6,Sold Out
Ziton,Wisdom,Rs 293,10% Off,264, 10,Sold Out
Zitrex,Genome Pharma,Rs 255,10% Off,230, 10,Sold Out
Zitrex,Genome Pharma,Rs 255,10% Off,230, 10,Sold Out
Zitrex,Genome Pharma,Rs 153,10% Off,138, 6,Sold Out
Zitrex,Genome Pharma,Rs 153,10% Off,138, 6,Sold Out
Zitro,Glitz,Rs 150,10% Off,135, 6,Sold Out
Zomax,Helix Pharma,Rs 230,10% Off,207, 1x10's,Sold Out
Zomax,Helix Pharma,Rs 230,10% Off,207, 1x10's,Sold Out
Zomax,Helix Pharma,Rs 230,10% Off,207, 1x10's,Sold Out
Zomax,Helix Pharma,Rs 165,10% Off,149, 15ml,Sold Out
Zomax,Helix Pharma,Rs 165,10% Off,149, 15ml,Sold Out
Zomax,Helix Pharma,Rs 165,10% Off,149, 15ml,Sold Out
Zomax,Helix Pharma,Rs 240,10% Off,216, 1x6's,Sold Out
Zomax,Helix Pharma,Rs 240,10% Off,216, 1x6's,Sold Out
Zomax,Helix Pharma,Rs 240,10% Off,216, 1x6's,Sold Out
Zomysin,Al Kemy,Rs 220,10% Off,198, 10,Sold Out
Zorix,LCPW,Rs 194,10% Off,174, 6,Sold Out
Zorix,LCPW,Rs 194,10% Off,174, 6,Sold Out
Zorix,LCPW,Rs 194,10% Off,174, 6,Sold Out
Zorix,LCPW,Rs 158,10% Off,142, 15ml,Sold Out
Zorix,LCPW,Rs 158,10% Off,142, 15ml,Sold Out
Zorix,LCPW,Rs 158,10% Off,142, 15ml,Sold Out
Zorix,LCPW,Rs 295,10% Off,266, 30ml,Sold Out
Zorix,LCPW,Rs 295,10% Off,266, 30ml,Sold Out
Zorix,LCPW,Rs 295,10% Off,266, 30ml,Sold Out
Zotter,Highnoon,Rs 200,10% Off,180, 1x10's,Sold Out
Zrocin,Noa Hemis,Rs 165,10% Off,149, 15ml,Sold Out
Zrocin,Noa Hemis,Rs 165,10% Off,149, 15ml,Sold Out
Zrocin,Noa Hemis,Rs 165,10% Off,149, 15ml,Sold Out
Zrocin,Noa Hemis,Rs 150,10% Off,135, 6,Sold Out
Zrocin,Noa Hemis,Rs 150,10% Off,135, 6,Sold Out
Zrocin,Noa Hemis,Rs 150,10% Off,135, 6,Sold Out
Zrocin,Noa Hemis,Rs 275,10% Off,248, 6,Sold Out
Zrocin,Noa Hemis,Rs 275,10% Off,248, 6,Sold Out
Zrocin,Noa Hemis,Rs 275,10% Off,248, 6,Sold Out
Zygrel,Searle,Rs 255,10% Off,230, 1x10's,Sold Out
Zygrel,Searle,Rs 255,10% Off,230, 1x10's,Sold Out
Zygrel,Searle,Rs 255,10% Off,230, 1x10's,Sold Out
Zygrel,Searle,Rs 255,10% Off,230, 1x10's,Sold Out
Zygrel,Searle,Rs 255,10% Off,230, 1x1's,Sold Out
Zygrel,Searle,Rs 255,10% Off,230, 1x1's,Sold Out
Zygrel,Searle,Rs 255,10% Off,230, 1x1's,Sold Out
Zygrel,Searle,Rs 255,10% Off,230, 1x1's,Sold Out
Zygrel,Searle,Rs 125,10% Off,113, 1x3's,Sold Out
Zygrel,Searle,Rs 125,10% Off,113, 1x3's,Sold Out
Zygrel,Searle,Rs 125,10% Off,113, 1x3's,Sold Out
Zygrel,Searle,Rs 125,10% Off,113, 1x3's,Sold Out
Zygrel,Searle,Rs 164,10% Off,148, 15ml,Sold Out
Zygrel,Searle,Rs 164,10% Off,148, 15ml,Sold Out
Zygrel,Searle,Rs 164,10% Off,148, 15ml,Sold Out
Zygrel,Searle,Rs 164,10% Off,148, 15ml,Sold Out
Zelium,Z-jans,Rs 175,10% Off,158, 50,Sold Out
Zelium,Z-jans,Rs 70,10% Off,70, 60ml,Sold Out
Zotrium,Hataf Pharma,Rs 29,10% Off,26, 5x10's,Sold Out
Zotrium,Hataf Pharma,Rs 57,10% Off,57, 120ml,Sold Out
Zeptra,Zephyr Pharmatec,Rs 24,10% Off,22, 10x20's,Sold Out
Zeptra Ds,Zephyr Pharmatec,Rs 12,10% Off,11, 20 x 5's,Sold Out
Zolebid,Highnoon,Rs 22,10% Off,19, 10x10's,Sold Out
Zanlan,Novartis,Rs 123,10% Off,111, 1x30's,Sold Out
Zanlan,Novartis,Rs 65,10% Off,65, 120ml,Sold Out
Zanlan,Novartis,Rs 39,10% Off,39, 60ml,Sold Out
Zanlan,Novartis,Rs 42,10% Off,42, 1x10's,Sold Out
Zenda,A'raf,Rs 198,10% Off,178, 1x14's,Sold Out
Zolsure,Medisure,Rs 320,10% Off,288, 1x14's,Sold Out
Zefung,Nexus,Rs 150,10% Off,135, 1x1's,Sold Out
Zenok,L A Kurative,Rs 138,10% Off,124, 1x1's,Sold Out
Zitis,Shrooq,Rs 200,10% Off,180, 1x30's,Sold Out
Zeffix,GlaxoSmithKline,"Rs 1,654",10% Off,1489, 14s,Sold Out
Zilam,Mass-PH Health,Rs 300,10% Off,270, 1x14's,Sold Out
Zolard,Davis Pharma,Rs 150,10% Off,135, 14s,Sold Out
Zolat Plus,English Pharma,Rs 206,10% Off,185, 14s,Sold Out
Zebramid,Zeb,Rs 190,10% Off,171, 60s,Sold Out
Zenzol,Jawa,Rs 17,10% Off,16, 10x6s,Sold Out
Zenzol,Jawa,Rs 22,10% Off,22, 30ml,Sold Out
Zeworm,Wilshire,Rs 173,10% Off,156, 10x6s,Sold Out
Zenec,L A Kurative,"Rs 1,800",10% Off,1620, 1x30,Sold Out
Zinamid,Wilshire,Rs 18,10% Off,16, 10x10,Sold Out
Zinatab,Dosaco,Rs 24,10% Off,21, 5x10,Sold Out
Zansulin 70/30,Zafa,Rs 479,10% Off,431, 1 vialx10ml,Sold Out
Zansulin NPH,Zafa,Rs 538,10% Off,484, 1 vialx10ml,Sold Out
Zansulin Regular,Zafa,Rs 538,10% Off,484, 1 vialx10ml,Sold Out
Zepyrine,Xenon,Rs 220,10% Off,198, 1x1000 's,Sold Out
Zepyrine,Xenon,Rs 220,10% Off,198, 1x1000 's,Sold Out
Zepyrine,Xenon,Rs 220,10% Off,198, 1000's,Sold Out
Zepyrine,Xenon,Rs 220,10% Off,198, 1000's,Sold Out
Zuper,Bosch,Rs 135,10% Off,122, 60ml,Sold Out
Zuper,Bosch,Rs 135,10% Off,122, 60ml,Sold Out
Zuper,Bosch,Rs 245,10% Off,221, 60ml,Sold Out
Zuper,Bosch,Rs 245,10% Off,221, 60ml,Sold Out
Z-drox,Z-jans,Rs 111,10% Off,100, 2x6's,Sold Out
Z-drox,Z-jans,Rs 111,10% Off,100, 2x6's,Sold Out
Z-drox,Z-jans,Rs 167,10% Off,150, 60ml,Sold Out
Z-drox,Z-jans,Rs 167,10% Off,150, 60ml,Sold Out
Z-drox,Z-jans,Rs 90,10% Off,90, 60ml,Sold Out
Z-drox,Z-jans,Rs 90,10% Off,90, 60ml,Sold Out
Zeboxil,Medicaids,Rs 313,10% Off,282, 10's,Sold Out
Zeboxil,Medicaids,Rs 313,10% Off,282, 10's,Sold Out
Zeboxil,Medicaids,Rs 300,10% Off,270, 60ml,Sold Out
Zeboxil,Medicaids,Rs 300,10% Off,270, 60ml,Sold Out
Zeboxil,Medicaids,Rs 59,10% Off,59, 10ml,Sold Out
Zeboxil,Medicaids,Rs 59,10% Off,59, 10ml,Sold Out
Zeboxil,Medicaids,Rs 149,10% Off,149, 60ml,Sold Out
Zeboxil,Medicaids,Rs 149,10% Off,149, 60ml,Sold Out
Zedipime,E-Lite,Rs 460,10% Off,414, 1 Vial,Sold Out
Zedipime,E-Lite,Rs 460,10% Off,414, 1 Vial,Sold Out
Zedipime,E-Lite,Rs 275,10% Off,248, 1 Vial,Sold Out
Zedipime,E-Lite,Rs 275,10% Off,248, 1 Vial,Sold Out
Zepim,Global-Vision,Rs 460,10% Off,414, 1 Vial,Sold Out
Zepim,Global-Vision,Rs 460,10% Off,414, 1 Vial,Sold Out
Zepim,Global-Vision,Rs 250,10% Off,225, 1 Vial,Sold Out
Zepim,Global-Vision,Rs 250,10% Off,225, 1 Vial,Sold Out
Zaxime,Delta Pharma,Rs 335,10% Off,302, 5's,Sold Out
Zaxime,Delta Pharma,Rs 335,10% Off,302, 5's,Sold Out
Zaxime,Delta Pharma,Rs 335,10% Off,302, 5's,Sold Out
Zaxime,Delta Pharma,Rs 335,10% Off,302, 5's,Sold Out
Zaxime,Delta Pharma,Rs 150,10% Off,135, 30ml,Sold Out
Zaxime,Delta Pharma,Rs 150,10% Off,135, 30ml,Sold Out
Zaxime,Delta Pharma,Rs 150,10% Off,135, 30ml,Sold Out
Zaxime,Delta Pharma,Rs 150,10% Off,135, 30ml,Sold Out
Zaxime,Delta Pharma,Rs 218,10% Off,196, 30ml,Sold Out
Zaxime,Delta Pharma,Rs 218,10% Off,196, 30ml,Sold Out
Zaxime,Delta Pharma,Rs 218,10% Off,196, 30ml,Sold Out
Zaxime,Delta Pharma,Rs 218,10% Off,196, 30ml,Sold Out
Zaxime,Delta Pharma,Rs 300,10% Off,270, 5's,Sold Out
Zaxime,Delta Pharma,Rs 300,10% Off,270, 5's,Sold Out
Zaxime,Delta Pharma,Rs 300,10% Off,270, 5's,Sold Out
Zaxime,Delta Pharma,Rs 300,10% Off,270, 5's,Sold Out
Zefo,Caraway,Rs 325,10% Off,292, 5's,Sold Out
Ziac,Polyfine,Rs 325,10% Off,293, 5's,Sold Out
Ziac,Polyfine,Rs 325,10% Off,293, 5's,Sold Out
Ziac,Polyfine,Rs 325,10% Off,293, 5's,Sold Out
Ziac,Polyfine,Rs 140,10% Off,126, 30ml,Sold Out
Ziac,Polyfine,Rs 140,10% Off,126, 30ml,Sold Out
Ziac,Polyfine,Rs 140,10% Off,126, 30ml,Sold Out
Ziac,Polyfine,Rs 220,10% Off,198, 30ml,Sold Out
Ziac,Polyfine,Rs 220,10% Off,198, 30ml,Sold Out
Ziac,Polyfine,Rs 220,10% Off,198, 30ml,Sold Out
Zifi,Mcolson,Rs 325,10% Off,293, 5's,Sold Out
Zifi,Mcolson,Rs 325,10% Off,293, 5's,Sold Out
Zifi,Mcolson,Rs 155,10% Off,140, 60ml,Sold Out
Zifi,Mcolson,Rs 155,10% Off,140, 60ml,Sold Out
Zoloxpan,Al Kemy,Rs 268,10% Off,241, 5's,Sold Out
Zoloxpan,Al Kemy,Rs 268,10% Off,241, 5's,Sold Out
Zoloxpan,Al Kemy,Rs 140,10% Off,126, 30ml,Sold Out
Zoloxpan,Al Kemy,Rs 140,10% Off,126, 30ml,Sold Out
Zonecef,Lowitt,Rs 225,10% Off,203, 1 Vial,Sold Out
Zonecef,Lowitt,Rs 225,10% Off,203, 1 Vial,Sold Out
Zonecef,Lowitt,Rs 136,10% Off,122, 1 Vial,Sold Out
Zonecef,Lowitt,Rs 136,10% Off,122, 1 Vial,Sold Out
Zonecef,Lowitt,Rs 75,10% Off,75, 1 Vial,Sold Out
Zonecef,Lowitt,Rs 75,10% Off,75, 1 Vial,Sold Out
Zintaxon,Zinta,Rs 160,10% Off,144, 1 Vial,Sold Out
Zintaxon,Zinta,Rs 60,10% Off,60, 1 Vial,Sold Out
Zymacef,Shawan,Rs 160,10% Off,144, 1 Vial,Sold Out
Zymacef,Shawan,Rs 60,10% Off,60, 1 Vial,Sold Out
Zymacef,Shawan,Rs 99,10% Off,99, 1 Vial,Sold Out
Zilpro,Wilshire,Rs 136,10% Off,122, 50ml,Sold Out
Zilpro,Wilshire,Rs 136,10% Off,122, 50ml,Sold Out
Zilpro,Wilshire,Rs 255,10% Off,230, 50ml,Sold Out
Zilpro,Wilshire,Rs 255,10% Off,230, 50ml,Sold Out
Z.D Cef,Leads Pharma,Rs 275,10% Off,248, 1 Vial,Sold Out
Z.D Cef,Leads Pharma,Rs 275,10% Off,248, 1 Vial,Sold Out
Z.D Cef,Leads Pharma,Rs 144,10% Off,130, 1 Vial,Sold Out
Z.D Cef,Leads Pharma,Rs 144,10% Off,130, 1 Vial,Sold Out
Z.D Cef,Leads Pharma,Rs 100,10% Off,100, 1 Vial,Sold Out
Z.D Cef,Leads Pharma,Rs 100,10% Off,100, 1 Vial,Sold Out
Zidyan,Roryan Pharma,Rs 275,10% Off,248, 1 Vial,Sold Out
Zidyan,Roryan Pharma,Rs 275,10% Off,248, 1 Vial,Sold Out
Zidyan,Roryan Pharma,Rs 144,10% Off,130, 1 Vial,Sold Out
Zidyan,Roryan Pharma,Rs 144,10% Off,130, 1 Vial,Sold Out
Zidyan,Roryan Pharma,Rs 100,10% Off,100, 1 Vial,Sold Out
Zidyan,Roryan Pharma,Rs 100,10% Off,100, 1 Vial,Sold Out
Zitum,Wilshire,Rs 295,10% Off,266, 1 Vial,Sold Out
Zitum,Wilshire,Rs 295,10% Off,266, 1 Vial,Sold Out
Zitum,Wilshire,Rs 295,10% Off,266, 1 Vial,Sold Out
Zitum,Wilshire,Rs 115,10% Off,104, 1 Vial,Sold Out
Zitum,Wilshire,Rs 115,10% Off,104, 1 Vial,Sold Out
Zitum,Wilshire,Rs 115,10% Off,104, 1 Vial,Sold Out
Zitum,Wilshire,Rs 180,10% Off,162, 1 Vial,Sold Out
Zitum,Wilshire,Rs 180,10% Off,162, 1 Vial,Sold Out
Zitum,Wilshire,Rs 180,10% Off,162, 1 Vial,Sold Out
Zoxcef,Lowitt,Rs 190,10% Off,171, 1 Vial,Sold Out
Zoxcef,Lowitt,Rs 190,10% Off,171, 1 Vial,Sold Out
Zoxcef,Lowitt,Rs 110,10% Off,99, 1 Vial,Sold Out
Zoxcef,Lowitt,Rs 110,10% Off,99, 1 Vial,Sold Out
Zoxcef,Lowitt,Rs 66,10% Off,66, 1 Vial,Sold Out
Zoxcef,Lowitt,Rs 66,10% Off,66, 1 Vial,Sold Out
Zoxi,Bosch,Rs 190,10% Off,171, 1 Vial,Sold Out
Zoxi,Bosch,Rs 55,10% Off,55, 1 Vial,Sold Out
Zoxi,Bosch,Rs 95,10% Off,95, 1 Vial,Sold Out
Zocef,Nexus,Rs 135,10% Off,122, 1 Vial,Sold Out
Zocef,Nexus,Rs 135,10% Off,122, 1 Vial,Sold Out
Zocef,Nexus,Rs 250,10% Off,225, 1 Vial,Sold Out
Zocef,Nexus,Rs 250,10% Off,225, 1 Vial,Sold Out
Zocef,Nexus,Rs 80,10% Off,80, 1 Vial,Sold Out
Zocef,Nexus,Rs 80,10% Off,80, 1 Vial,Sold Out
Zoclan,Z-jans,Rs 195,10% Off,176, 1 Vial,Sold Out
Zoclan,Z-jans,Rs 195,10% Off,176, 1 Vial,Sold Out
Zoclan,Z-jans,Rs 110,10% Off,99, 1 Vial,Sold Out
Zoclan,Z-jans,Rs 110,10% Off,99, 1 Vial,Sold Out
Zoclan,Z-jans,Rs 70,10% Off,70, 1 Vial,Sold Out
Zoclan,Z-jans,Rs 70,10% Off,70, 1 Vial,Sold Out
Zony,Tagma,Rs 205,10% Off,185, 1 Vial,Sold Out
Zony,Tagma,Rs 205,10% Off,185, 1 Vial,Sold Out
Zony,Tagma,Rs 135,10% Off,122, 1 Vial,Sold Out
Zony,Tagma,Rs 135,10% Off,122, 1 Vial,Sold Out
Zony,Tagma,Rs 70,10% Off,70, 1 Vial,Sold Out
Zony,Tagma,Rs 70,10% Off,70, 1 Vial,Sold Out
Zeolot,Fynk,Rs 180,10% Off,162, 1 Vial,Sold Out
Zeolot,Fynk,Rs 180,10% Off,162, 1 Vial,Sold Out
Zeolot,Fynk,Rs 190,10% Off,171, 50ml,Sold Out
Zeolot,Fynk,Rs 190,10% Off,171, 50ml,Sold Out
Zeolot,Fynk,Rs 28,10% Off,28, 1 Vial,Sold Out
Zeolot,Fynk,Rs 28,10% Off,28, 1 Vial,Sold Out
Zeolot,Fynk,Rs 100,10% Off,100, 1 Vial,Sold Out
Zeolot,Fynk,Rs 100,10% Off,100, 1 Vial,Sold Out
Zerox,Goodman,Rs 190,10% Off,171, 50ml,Sold Out
Zinorox,Global-Vision,Rs 29,10% Off,26, 5 Vial,Sold Out
Zinorox,Global-Vision,Rs 29,10% Off,26, 5 Vial,Sold Out
Zinorox,Global-Vision,Rs 105,10% Off,95, 1 Vial,Sold Out
Zinorox,Global-Vision,Rs 105,10% Off,95, 1 Vial,Sold Out
Zafacain,Zafa,Rs 112,10% Off,100, 1 Vial,Sold Out
Zafacain,Zafa,Rs 61,10% Off,61, 1 Vial,Sold Out
Zolinex,Biorex,Rs 110,10% Off,99, 1 Vial,Sold Out
Zolinex,Biorex,Rs 40,10% Off,40, 1 Vial,Sold Out
Zolinex,Biorex,Rs 60,10% Off,60, 1 Vial,Sold Out
Zinase,Opal,Rs 206,10% Off,185, 30's,Sold Out
Zibufen,Global-Vision,Rs 265,10% Off,239, 10's,Sold Out
Zibufen,Global-Vision,Rs 265,10% Off,239, 10's,Sold Out
Zibufen,Global-Vision,Rs 265,10% Off,239, 10's,Sold Out
Zibufen,Global-Vision,Rs 265,10% Off,239, 10's,Sold Out
Zibufen,Global-Vision,Rs 265,10% Off,239, 30's,Sold Out
Zibufen,Global-Vision,Rs 265,10% Off,239, 30's,Sold Out
Zibufen,Global-Vision,Rs 265,10% Off,239, 30's,Sold Out
Zibufen,Global-Vision,Rs 265,10% Off,239, 30's,Sold Out
Zibufen,Global-Vision,Rs 328,10% Off,295, 10's,Sold Out
Zibufen,Global-Vision,Rs 328,10% Off,295, 10's,Sold Out
Zibufen,Global-Vision,Rs 328,10% Off,295, 10's,Sold Out
Zibufen,Global-Vision,Rs 328,10% Off,295, 10's,Sold Out
Zibufen,Global-Vision,Rs 328,10% Off,295, 30's,Sold Out
Zibufen,Global-Vision,Rs 328,10% Off,295, 30's,Sold Out
Zibufen,Global-Vision,Rs 328,10% Off,295, 30's,Sold Out
Zibufen,Global-Vision,Rs 328,10% Off,295, 30's,Sold Out
Zibufen,Global-Vision,Rs 95,10% Off,95, 120ml,Sold Out
Zibufen,Global-Vision,Rs 95,10% Off,95, 120ml,Sold Out
Zibufen,Global-Vision,Rs 95,10% Off,95, 120ml,Sold Out
Zibufen,Global-Vision,Rs 95,10% Off,95, 120ml,Sold Out
Zibufen,Global-Vision,Rs 50,10% Off,50, 60ml,Sold Out
Zibufen,Global-Vision,Rs 50,10% Off,50, 60ml,Sold Out
Zibufen,Global-Vision,Rs 50,10% Off,50, 60ml,Sold Out
Zibufen,Global-Vision,Rs 50,10% Off,50, 60ml,Sold Out
Ziclopel,Z-jans,Rs 13,10% Off,11, 18x4's,Sold Out
Ziclopel,Z-jans,Rs 13,10% Off,11, 18x4's,Sold Out
Ziclopel,Z-jans,Rs 55,10% Off,50, 2x10's,Sold Out
Ziclopel,Z-jans,Rs 55,10% Off,50, 2x10's,Sold Out
Zwitter,Wilshire,Rs 41,10% Off,37, 4x5's,Sold Out
Zwitter,Wilshire,Rs 41,10% Off,37, 4x5's,Sold Out
Zwitter,Wilshire,Rs 55,10% Off,50, 4x5's,Sold Out
Zwitter,Wilshire,Rs 55,10% Off,50, 4x5's,Sold Out
Zefen,Xenon,"Rs 5,099",10% Off,4589, 450ml,Sold Out
Zefen,Xenon,"Rs 5,099",10% Off,4589, 450ml,Sold Out
Zefen,Xenon,"Rs 5,099",10% Off,4589, 450ml,Sold Out
Zefen,Xenon,"Rs 5,099",10% Off,4589, 450ml,Sold Out
Zefen,Xenon,"Rs 5,099",10% Off,4589, 450ml,Sold Out
Zefen,Xenon,"Rs 5,099",10% Off,4589, 450ml,Sold Out
Zefen,Xenon,"Rs 5,099",10% Off,4589, 450ml,Sold Out
Zefen,Xenon,"Rs 5,099",10% Off,4589, 450ml,Sold Out
Zefen,Xenon,Rs 430,10% Off,387, 500's,Sold Out
Zefen,Xenon,Rs 430,10% Off,387, 500's,Sold Out
Zefen,Xenon,Rs 430,10% Off,387, 500's,Sold Out
Zefen,Xenon,Rs 430,10% Off,387, 500's,Sold Out
Zefen,Xenon,Rs 400,10% Off,360, 250's,Sold Out
Zefen,Xenon,Rs 400,10% Off,360, 250's,Sold Out
Zefen,Xenon,Rs 400,10% Off,360, 250's,Sold Out
Zefen,Xenon,Rs 400,10% Off,360, 250's,Sold Out
Zefen,Xenon,Rs 19,10% Off,19, 60ml,Sold Out
Zefen,Xenon,Rs 19,10% Off,19, 60ml,Sold Out
Zefen,Xenon,Rs 19,10% Off,19, 60ml,Sold Out
Zefen,Xenon,Rs 19,10% Off,19, 60ml,Sold Out
Zefen,Xenon,Rs 36,10% Off,36, 90ml,Sold Out
Zefen,Xenon,Rs 36,10% Off,36, 90ml,Sold Out
Zefen,Xenon,Rs 36,10% Off,36, 90ml,Sold Out
Zefen,Xenon,Rs 36,10% Off,36, 90ml,Sold Out
Zefen,Xenon,Rs 36,10% Off,36, 90ml,Sold Out
Zefen,Xenon,Rs 36,10% Off,36, 90ml,Sold Out
Zefen,Xenon,Rs 36,10% Off,36, 90ml,Sold Out
Zefen,Xenon,Rs 36,10% Off,36, 90ml,Sold Out
Zoxicam,Kanel Pharma,Rs 115,10% Off,104, 10's,Sold Out
Zoxicam,Kanel Pharma,Rs 56,10% Off,56, 10's,Sold Out
Zebroxin,Jawa,Rs 42,10% Off,38, 3x10's,Sold Out
Zebroxin,Jawa,Rs 42,10% Off,38, 3x10's,Sold Out
Zebroxin,Jawa,Rs 143,10% Off,129, 20's,Sold Out
Zebroxin,Jawa,Rs 143,10% Off,129, 20's,Sold Out
Zenap,Valor,Rs 42,10% Off,38, 3x10's,Sold Out
Zenap,Valor,Rs 42,10% Off,38, 3x10's,Sold Out
Zenap,Valor,Rs 72,10% Off,64, 2x10's,Sold Out
Zenap,Valor,Rs 72,10% Off,64, 2x10's,Sold Out
Zicam,Goodman,Rs 239,10% Off,215, 30's,Sold Out
Zicam,Goodman,Rs 239,10% Off,215, 30's,Sold Out
Zicam,Goodman,Rs 15,10% Off,14, 10 Ampx1ml,Sold Out
Zicam,Goodman,Rs 15,10% Off,14, 10 Ampx1ml,Sold Out
Ziprawin,Amarant,Rs 288,10% Off,259, 2x10's,Sold Out
Ziprawin,Amarant,Rs 288,10% Off,259, 2x10's,Sold Out
Ziprawin,Amarant,Rs 120,10% Off,108, 1x5's,Sold Out
Ziprawin,Amarant,Rs 120,10% Off,108, 1x5's,Sold Out
Zaarlo,OBS,Rs 829,10% Off,746, 1x10's,Sold Out
Zaxine XR 150mg,A'raf,Rs 350,10% Off,315, 10's,Sold Out
Zeldox,Pfizer,"Rs 3,306",10% Off,2975, 1x14's,Sold Out
Zeldox,Pfizer,"Rs 3,306",10% Off,2975, 1x14's,Sold Out
Zeldox,Pfizer,"Rs 4,684",10% Off,4215, 1x14's,Sold Out
Zeldox,Pfizer,"Rs 4,684",10% Off,4215, 1x14's,Sold Out
Zara CR 25mg,Shrooq,"Rs 1,200",10% Off,1080, 30's,Sold Out
Zeest MV,Tabroos,Rs 170,10% Off,153, 30,Sold Out
Zivas 3mg,A'raf,Rs 417,10% Off,375, 60's,Sold Out
Ziapine XR,A'raf,Rs 175,10% Off,158, 14s,Sold Out
Zactrin,Aries,Rs 6,10% Off,5, 20x10's,Sold Out
Zactrin,Aries,Rs 6,10% Off,5, 20x10's,Sold Out
Zactrin,Aries,Rs 13,10% Off,12, 10x10's,Sold Out
Zactrin,Aries,Rs 13,10% Off,12, 10x10's,Sold Out
Zegesic,Xenon,Rs 560,10% Off,504, 1000's,Sold Out
Zegesic,Xenon,Rs 560,10% Off,504, 1000's,Sold Out
Zegesic,Xenon,Rs 227,10% Off,204, 200's,Sold Out
Zegesic,Xenon,Rs 227,10% Off,204, 200's,Sold Out
Zemont,Z-jans,Rs 225,10% Off,203, 14's,Sold Out
Zemont,Z-jans,Rs 225,10% Off,203, 14's,Sold Out
Zemont,Z-jans,Rs 130,10% Off,117, 14's,Sold Out
Zemont,Z-jans,Rs 130,10% Off,117, 14's,Sold Out
Z-kast,Lowitt,Rs 330,10% Off,297, 2x10's,Sold Out
Zukast,Everest,Rs 350,10% Off,315, 2x14's,Sold Out
Zukast,Everest,Rs 350,10% Off,315, 2x14's,Sold Out
Zukast,Everest,Rs 330,10% Off,297, 2x10's,Sold Out
Zukast,Everest,Rs 330,10% Off,297, 2x10's,Sold Out
Zonas,A'raf,Rs 209,10% Off,188, 14s,Sold Out
Zolmipine,Graton Pharma,Rs 807,10% Off,726, 1 Vial,Sold Out
,,,,,,
Ulsanic,Highnoon,Rs 159,10% Off,143,Available, 1 x 10's
Urso,AGP,Rs 600,10% Off,540,Available, 1x10's
Urso,AGP,"Rs 1,000",10% Off,900,Available, 1x10's
Urodonal   Granules  ( syrup),Opal,Rs 346,10% Off,311,Available, 1
Urgesin,AGP,Rs 880,10% Off,792,Available, 1x10's
Urgesin,AGP,Rs 630,10% Off,567,Available, 1x10's
Ufrim 10 mg,High-Q,Rs 386,10% Off,347,Available, 1x14's
Ufrim 20 mg,High-Q,Rs 380,10% Off,342,Available, 1x14's
U-Progest,OBS,Rs 520,10% Off,468,Sold Out, 3x10's
Urigo,Sami,Rs 203,10% Off,182,Available, 20
Urigo,Sami,Rs 248,10% Off,223,Available, 20
Uriguard,Atco,Rs 283,10% Off,254,Available, 20
Urodonal,Opal,Rs 35,10% Off,31,Available, 10 Sachet x 9 gm
Uricon,Shaigan,Rs 49,10% Off,44,Available, 3 x 10's
Urivox,Zafa,Rs 105,10% Off,95,Available, 30
Ultima,Macter,Rs 128,10% Off,115,Available, 25ml
Ultima,Macter,Rs 391,10% Off,352,Available, 60ml
Ultima,Macter,Rs 395,10% Off,356,Available, 1x10's
Ultima,Macter,Rs 590,10% Off,531,Available, 1x10's
Uniclin,kaizen,Rs 252,10% Off,227,Available, 10
Ulcez,Epla,Rs 289,10% Off,260,Available, 1x14's
Utazid,Bosch,Rs 240,10% Off,216,Available, 1 Vial
Utazid,Bosch,Rs 119,10% Off,107,Available, 1 Vial
Utazid,Bosch,Rs 180,10% Off,162,Available, 1 Vial
Udic-B,Valor,Rs 230,10% Off,207,Available, 15gm
Unix,Hilton,Rs 150,10% Off,135,Available, 2x10's
Uperio,Novartis,"Rs 1,750",10% Off,1575,Available, 2x14's
Uperio,Novartis,Rs 910,10% Off,819,Available, 4x7's
U-Progest,OBS,Rs 920,10% Off,828,Sold Out, 1x10's
Uricontrol 5mg,Aspin Pharma,Rs 410,10% Off,369,Available, 10's
Urocit-K,Allmed Labs,Rs 907,10% Off,817,Available, 30's
Ultragesic,Hirani's Pharma,Rs 159,10% Off,143,Available, 1 x10's
Unitrexate,Al Habib,"Rs 1,458",10% Off,1312,Sold Out, 20mlx10s
Uropin,Allmeo,Rs 256,10% Off,231,Available, 30's
Ulcez,Epla,Rs 145,10% Off,130,Available, 2  x 7's
Utoral,Al Habib Pharmaceuticals,"Rs 3,600",10% Off,3240,Available, 10 Vial
Unitrexate,Al Habib Pharmaceuticals,"Rs 20,668",10% Off,18601,Available, 10 Vial
Ulsanic,Highnoon,Rs 344,10% Off,310,Available, 120 ml
Ultima,Macter,Rs 295,10% Off,266,Available, 2 x 5's
Ulsanic,Highnoon,Rs 60,10% Off,54,Available, 2 x 10's
Ucibon,Hinucon,Rs 433,10% Off,390,Available, 3 x 7's
Unifyline,Platinum,Rs 288,10% Off,259,Available, 2 x 10's
Urso,AGP,"Rs 1,400",10% Off,1260,Available, 120 ml
Ulsanic,Highnoon,Rs 145,10% Off,131,Sold Out, 60ml
Unitrexate,Al Habib,Rs 95,10% Off,86,Sold Out, 100s
Unifyline,Platinum,Rs 223,10% Off,200,Sold Out, 1 x 10's
Unigesic,U nison,Rs 13,10% Off,11,Sold Out, 100
Ulora,Helix Pharma,Rs 330,10% Off,297,Sold Out, 1x20's
Ulora,Helix Pharma,Rs 585,10% Off,527,Sold Out, 1x20's
Uriguard,Atco,Rs 469,10% Off,422,Sold Out, 20
Uropyrine,Allmed Labs,Rs 200,10% Off,180,Sold Out, 30
Uricon,Shaigan,Rs 255,10% Off,230,Sold Out, 30
Urospaz,Hansel,Rs 217,10% Off,195,Sold Out, 3
Urobutin,Focus & Rulz,Rs 300,10% Off,270,Sold Out, 30
U-Cure,Usawa,Rs 150,10% Off,135,Sold Out, 6
U-Cure,Usawa,Rs 275,10% Off,248,Sold Out, 6
Unidon,Paramount,Rs 43,10% Off,39,Sold Out, 50
Unidon-V,Paramount,Rs 129,10% Off,116,Sold Out, 30
Unidon-V,Paramount,Rs 215,10% Off,194,Sold Out, 50
Unitran,U nison,Rs 308,10% Off,277,Sold Out, 1x200's
Unitran,U nison,Rs 288,10% Off,259,Sold Out, 100
Uniclar,Paramount,Rs 240,10% Off,216,Sold Out, 10
Uniclar,Paramount,Rs 445,10% Off,401,Sold Out, 10
Up-Clar,Roryan Pharma,Rs 240,10% Off,216,Sold Out, 10
Up-Clar,Roryan Pharma,Rs 445,10% Off,401,Sold Out, 10
Unesoquine,Unexo,Rs 300,10% Off,270,Sold Out, 1x200's
Uniferon,Getz Pharma,Rs 398,10% Off,358,Sold Out, 1 Vial
Uniferon,Getz Pharma,"Rs 1,316",10% Off,1184,Sold Out, 1 Vial
Uniron,Accurate,Rs 600,10% Off,540,Sold Out, 1 Vial
UL-Some,Saydon,Rs 17,10% Off,15,Sold Out, 7x2's
UL-Some,Saydon,Rs 26,10% Off,23,Sold Out, 7x2's
Ulcez,Epla,Rs 119,10% Off,107,Sold Out, 1x14's
Ulcicare,Jawa,Rs 119,10% Off,107,Sold Out, 1x14's
Ulcicare,Jawa,Rs 198,10% Off,178,Sold Out, 1x14's
Ultech,Wise Pharma,Rs 60,10% Off,54,Sold Out, 2x7's
Ultech,Wise Pharma,Rs 162,10% Off,145,Sold Out, 2x7's
Uni-Zole,U nison,Rs 198,10% Off,178,Sold Out, 1x14's
Util,Ambrosia,Rs 70,10% Off,63,Sold Out, 2x7's
Util,Ambrosia,Rs 128,10% Off,115,Sold Out, 2x7's
Ucon,Noa Hemis,Rs 130,10% Off,117,Sold Out, 1x1's
Uconazol,Unimark,Rs 130,10% Off,117,Sold Out, 1x1's
Unizole,TG  Pharma,Rs 172,10% Off,155,Sold Out, 1x1's
Urbicid,Flow Pharma,Rs 57,10% Off,51,Sold Out, 3x10's
Urbofen,Valor,Rs 60,10% Off,54,Sold Out, 3x10's
Ulcozol,Friends,Rs 180,10% Off,162,Sold Out, 14s
Ultozone,Mass-PH Health,Rs 218,10% Off,197,Sold Out, 1x14's
Unipam,U nison,Rs 328,10% Off,295,Sold Out, 1x1000
U-Butol INH,Unexo,Rs 14,10% Off,13,Sold Out, 10 x 10
Urocit K Tablets.,Allmed Labs,Rs 857,10% Off,771,Sold Out, 1 x 30s
Unetox-T,Unexo,Rs 103,10% Off,93,Sold Out, 10x10's
Unetox-T,Unexo,Rs 473,10% Off,426,Sold Out, 50x10's
Unipime,TG  Pharma,Rs 600,10% Off,540,Sold Out, 1 Vial
Unipime,TG  Pharma,Rs 300,10% Off,270,Sold Out, 1 Vial
UR-cef,Roryan Pharma,Rs 325,10% Off,293,Sold Out, 5's
UR-cef,Roryan Pharma,Rs 135,10% Off,122,Sold Out, 30ml
UR-cef,Roryan Pharma,Rs 220,10% Off,198,Sold Out, 30ml
Unibactum,Pulse,Rs 250,10% Off,225,Sold Out, 1 Vial
Unibactum,Pulse,Rs 350,10% Off,315,Sold Out, 1 Vial
Ultrazid,Biorex,Rs 275,10% Off,248,Sold Out, 1 Vial
Ultrazid,Biorex,Rs 144,10% Off,130,Sold Out, 1 Vial
Unitrixone,TG  Pharma,Rs 270,10% Off,243,Sold Out, 1 Vial
Unitrixone,TG  Pharma,Rs 137,10% Off,123,Sold Out, 1 Vial
Unixone,Medicaids,Rs 429,10% Off,386,Sold Out, 1 Vial
Unixone,Medicaids,Rs 124,10% Off,112,Sold Out, 1 Vial
Unixone,Medicaids,Rs 206,10% Off,185,Sold Out, 1 Vial
Ultra-Q,Adcok Pharmaceuticals,"Rs 1,490",10% Off,1341,Sold Out, 3x10's
Utrogestan,Galaxy,"Rs 1,185",10% Off,1066,Sold Out, 1x15's
U-tran,Unexo,Rs 8,10% Off,7,Sold Out, 20x10's
Ufenac,Valor,Rs 82,10% Off,74,Sold Out, 3x10's
Ultifen,Hansel,Rs 58,10% Off,52,Sold Out, 3x10's
Urbofen,Valor,Rs 40,10% Off,36,Sold Out, 3x10's
Uniprofin,U nison,"Rs 35,477",10% Off,31929,Sold Out, 250's
Unihylon,Neutro,"Rs 1,600",10% Off,1440,Sold Out, 1 pre-filled syringex2.5ml
Uricontrol 10mg,Aspin Pharma,Rs 700,10% Off,630,Sold Out, 10's
Uflora,Searle,Rs 589,10% Off,530,Sold Out, 1x10's
Ultrame,Amarant,Rs 140,10% Off,126,Sold Out, 5 Ampx2ml
Ultrame,Amarant,Rs 170,10% Off,153,Sold Out, 1 x10's
Unitrexate,Al Habib,Rs 195,10% Off,175,Sold Out, 10 Vials
Unitrexate,Al Habib,"Rs 2,484",10% Off,2236,Sold Out, 40mlx1s
Ulfam,Focus & Rulz,Rs 143,10% Off,129,Sold Out, 1x10's
Urisolin,Searle,Rs 395,10% Off,356,Sold Out, 1x10's
UFI,Titlis Pharma,Rs 451,10% Off,406,Sold Out, 1 x 10's
UFI,Titlis Pharma,Rs 680,10% Off,612,Sold Out, 1 x 10's
Uritreat,Pharm Evo,Rs 390,10% Off,351,Sold Out, 1 x 10's
Uromes,Al Habib Pharmaceuticals,"Rs 2,142",10% Off,1928,Sold Out, 10 Ampoules
Unitrexate,Al Habib Pharmaceuticals,"Rs 3,950",10% Off,3555,Sold Out, 10 Vial
Ulsanic,Highnoon,Rs 94,,94,Sold Out, 2x10's
Unirimp,U nison,Rs 100,,100,Sold Out, 14s
Uniphenicol,U nison,Rs 25,,25,Sold Out, 60ml
Unidon,Paramount,Rs 84,,84,Sold Out, 120ml
Unidon,Paramount,Rs 42,,42,Sold Out, 60ml
Unitran,U nison,Rs 17,,17,Sold Out, 50ml
Uniflox-D,TG  Pharma,Rs 80,,80,Sold Out, 5ml
Unihist,U nison,Rs 45,,45,Sold Out, 450ml
Unic,U nison,Rs 95,,95,Sold Out, 1x10's
Unesid,Unexo,Rs 91,,91,Sold Out, 1x30's
Ultrazid,Biorex,Rs 100,,100,Sold Out, 1 Vial
Unitrixone,TG  Pharma,Rs 76,,76,Sold Out, 1 Vial
Unifin,U nison,Rs 90,,90,Sold Out, 20's
U-tran,Unexo,Rs 50,,50,Sold Out, 2x10's
Ufenac,Valor,Rs 43,,43,Sold Out, 2x10's
Ufenac,Valor,Rs 22,,22,Sold Out, 3x10's
Unicoxin,Unipharm,Rs 56,,56,Sold Out, 10's
Utrahit,Unipharm,Rs 77,,77,Sold Out, 10's
Uriben,Adamjee Pharmaceuticals,Rs 68,,68,Sold Out, 60 ml
Ultrame Plus,Amarant,Rs 100,,100,Sold Out, 1x10's
Unitrate,Benson,Rs 1,,1,Sold Out, 62
,,,,,,
Yaz,Bayer,Rs 964,10% Off,867,Add to cart, 1x28's
Yorker,Sami,Rs 195,10% Off,176,Add to cart, 1 Vial
Yorker,Sami,Rs 148,10% Off,134,Add to cart, 1 Vial
Yorker,Sami,Rs 98,,98,Add to cart, 1 Vial
YMS Disposable Syringe 10cc-21Gx1,YMS,Rs 30,,30,Add to cart, 1
Yutopar,Highnoon,Rs 200,10% Off,180,Sold Out, 10 Ampx5ml
Yutopar,Highnoon,Rs 333,10% Off,300,Sold Out, 2x10's
Y-Fix,Adamjee Pharmaceuticals,Rs 141,10% Off,127,Sold Out, 1x5's
Y-Fix,Adamjee Pharmaceuticals,Rs 112,10% Off,101,Sold Out, 30ml
Yanil,Hizat,Rs 25,,25,Sold Out, 60ml
Y-Fix,Adamjee Pharmaceuticals,Rs 71,,71,Sold Out, 30ml
Yarnil,Medisure,Rs 30,,30,Sold Out, 2x10's
Yellow Fever Vaccine,Hospital services & Sales,Rs 0,,0,Sold Out, 1 vial
,,,,,,
Xatral SR,Sanofi,Rs 643,10% Off,578,Add to cart, 28
X-plended,Pharm Evo,Rs 564,10% Off,508,Add to cart, 1x10's
X-plended,Pharm Evo,Rs 370,10% Off,333,Add to cart, 1x10's
X-plended,Pharm Evo,Rs 220,10% Off,198,Add to cart, 1x10's
Xatral LP 10 mg,Sanofi,Rs 525,10% Off,473,Add to cart, 1x30s
Xepat Opthalmic Solution,Sante,Rs 397,10% Off,357,Add to cart, 5ml
Xepat Forte Eye Drop,Sante,Rs 579,10% Off,521,Add to cart, 1
Xalacom,Pfizer,"Rs 1,721",10% Off,1549,Add to cart, 2.5ml
Xefecta,Hilton,Rs 480,10% Off,432,Add to cart, 1x5's
Xarelto 10mg,Bayer,"Rs 1,525",10% Off,1373,Add to cart, 1x5's
Xaroban,Searle,Rs 374,10% Off,337,Add to cart, 1x10's
Xarelto 20mg,Bayer,"Rs 4,270",10% Off,3843,Add to cart, 1x14's
Xarelto 15mg,Bayer,"Rs 4,270",10% Off,3843,Add to cart, 1x14's
Xavor 50mg,Ferozsons,Rs 268,10% Off,241,Add to cart, 1x10's
XAVOR DIU FORTE TAB,Ferozsons,Rs 342,10% Off,308,Add to cart, 1x10's
Xcept 10mg,Pharm Evo,Rs 440,10% Off,396,Add to cart, 1x10's
Xcept,Pharm Evo,Rs 375,10% Off,338,Add to cart, 2x7's
Xovat 10 mg,Aspin Pharma,Rs 290,10% Off,261,Add to cart, 10
X-BONE 0.5 mcg,Wilshire,Rs 200,10% Off,180,Add to cart, 3x10's
Xostat,Nabi Qasim,Rs 288,10% Off,259,Add to cart, 20
Xostat,Nabi Qasim,Rs 552,10% Off,497,Add to cart, 20
Xidim,Brookes,Rs 330,10% Off,297,Add to cart, 1 Vial
Xidim,Brookes,Rs 180,10% Off,162,Add to cart, 1 Vial
Xib,S.J. & G. Fazul Ellahie,Rs 169,10% Off,152,Add to cart, 120ml
Xib,S.J. & G. Fazul Ellahie,Rs 242,10% Off,218,Add to cart, 30's
Xib,S.J. & G. Fazul Ellahie,Rs 356,10% Off,320,Add to cart, 30's
Xib,S.J. & G. Fazul Ellahie,Rs 441,10% Off,397,Add to cart, 30's
Xiben,Pacific Pharma,Rs 260,10% Off,234,Add to cart, 30's
Xika Rapid,Hilton,Rs 292,10% Off,263,Add to cart, 1x10's
Xoni-Fast,Macter,Rs 231,10% Off,208,Add to cart, 1x10's
Xobix,Hilton,Rs 273,10% Off,246,Add to cart, 1x10's
Xobix,Hilton,Rs 158,10% Off,142,Add to cart, 1x10's
Xirop,Semos,Rs 197,10% Off,177,Add to cart, 20's
XYSTER,Wilshire,Rs 84,10% Off,75,Add to cart, 30
Xovat,Aspin Pharma,Rs 180,10% Off,162,Add to cart, 10's
Xovat 20mg,Aspin Pharma,Rs 490,10% Off,441,Add to cart, 10's
Xcept  20mg,Pharm Evo,Rs 445,10% Off,401,Add to cart, 2x7's
X-Gen,Genix,Rs 350,10% Off,315,Add to cart, 5ml
Xiga 5mg,CCL,Rs 177,10% Off,159,Add to cart, 2x7's
Xifaxa,Brookes,Rs 740,10% Off,666,Add to cart, 1x10's
Xilica,Pharm Evo,Rs 175,10% Off,158,Add to cart, 14
Xeflox,Helix Pharma,Rs 200,10% Off,180,Add to cart, 1x10's
Xyquil DR,Sami,Rs 73,10% Off,66,Add to cart, 30's
Xeflox,Helix Pharma,Rs 320,10% Off,288,Add to cart, 1x10's
Xemox Eye Drop 5ml,Kobec,Rs 257,10% Off,231,Add to cart, 5ml
Xiga 10mg,CCL,Rs 262,10% Off,236,Add to cart, 2x7's
Xavor-DIU,Ferozsons,Rs 275,10% Off,247,Add to cart, 1x10's
X-Bone 1 mcg,Wilshire,Rs 253,10% Off,228,Add to cart, 3 x 10's
Xyster,Wilshire,Rs 50,10% Off,45,Add to cart, 1mlx10 Amp
Xenecor,ICI Pakistan Limited,Rs 175,10% Off,158,Add to cart, 10s
Xenecor,ICI Pakistan Limited,Rs 336,10% Off,302,Add to cart, 10s
Xenecor,ICI Pakistan Limited,Rs 619,10% Off,557,Add to cart, 10s
Xcept 2.5mg,Pharm Evo,Rs 250,10% Off,225,Add to cart, 1x10's
Xavor,Ferozsons,Rs 103,10% Off,92,Add to cart, 2x10's
Xyloaid 10ml,Barrett,Rs 25,10% Off,22,Add to cart, 50 Amp
Xaleve,Hudson Pharma's,Rs 187,10% Off,169,Add to cart, 1x10
Xenglu,Hilton,Rs 388,10% Off,349,Add to cart, 2x7's
Xeticam,Getz Pharma,Rs 650,10% Off,585,Add to cart, 1 x 10's
Xyloaid FA,Barrett,Rs 102,10% Off,92,Add to cart, 10gm
Xatral LP,Sanofi,"Rs 1,887",10% Off,1698,Add to cart, 1x30's
Xiga-Met,CCL,Rs 226,10% Off,204,Add to cart, 2x7's
Xiga-Met,CCL,Rs 206,10% Off,185,Add to cart, 2x7's
X-Gen,Genix,Rs 450,10% Off,405,Add to cart, 1 x 5's
Xyloaid FA,Barrett,Rs 178,10% Off,160,Add to cart, 20 gm
Xenglu-Met,Hilton,Rs 535,10% Off,482,Add to cart, 1 x 14's
Xenglu-Met,Hilton,Rs 501,10% Off,450,Add to cart, 1 x 14's
Xenglu-Met,Hilton,Rs 356,10% Off,320,Add to cart, 1 x 14's
Xenglu-Met,Hilton,Rs 419,10% Off,377,Add to cart, 1 x 14's
Xiga-Met XR,CCL,Rs 229,10% Off,206,Add to cart, 2 x 7's
Xiga-Met XR,CCL,Rs 247,10% Off,222,Add to cart, 2 x 7's
Xenglu-Met,Hilton,Rs 501,10% Off,450,Add to cart, 2 x 7's
Xenglu,Hilton,Rs 592,10% Off,533,Add to cart, 1 x 14's
Xenglu-Met,Hilton,Rs 406,10% Off,365,Add to cart, 2 x 7's
Xanilo,Martin Dow,Rs 248,10% Off,223,Add to cart, 3 x 10's
Xanilo,Martin Dow,Rs 161,10% Off,145,Add to cart, 3 x 10's
Xenglu-met XR,Hilton,Rs 368,10% Off,331,Add to cart, 2 x 7's
Xtin CR,Cell Laboratories,Rs 245,10% Off,221,Add to cart, 3 x 10's
Xtin CR,Cell Laboratories,Rs 492,10% Off,443,Add to cart, 3 x 10's
Xepex,Genetics Pharmaceuticals,Rs 400,10% Off,360,Add to cart, 2 x 10's
X-plended  EZ,Pharm Evo,Rs 235,10% Off,212,Add to cart, 1 x 10's
Xynosine Nasal Spray,Zafa,Rs 65,,65,Add to cart, 15ml
Xynosine Children's Formula,Zafa,Rs 51,,51,Add to cart, 15 ml
Xecomb,Sante,Rs 87,,87,Add to cart, 10ml
Xyloaid Lidocain 5%,Barrett,Rs 87,,87,Add to cart, 20gm
Xormet,Highnoon,Rs 10,,10,Add to cart, 5x10's
Xib,S.J. & G. Fazul Ellahie,Rs 89,,89,Add to cart, 60ml
Xiben,Pacific Pharma,Rs 60,,60,Add to cart, 90ml
Xynosine Saline Nasal Spray 0.65%,Zafa,Rs 25,,25,Add to cart, 1
Xylor Syrup,Atco,Rs 70,,70,Add to cart, 60ml
Xenocit,Saffron,Rs 70,,70,Add to cart, 60 ml
Xanax,Pfizer,Rs 93,10% Off,83,Sold Out, 3x10's
Xaltide Hfa,Getz Pharma,Rs 600,10% Off,540,Sold Out, 200 Metered Doses
Xanax,Pfizer,Rs 60,10% Off,54,Sold Out, 3x10's
Xylex AD,Venus,Rs 2,10% Off,2,Sold Out, 100 Amp x 2 ml
Xylex AD,Venus,Rs 13,10% Off,12,Sold Out, 50 Amp x 10 ml
Xylocaine with Adrenaline,Barrett,Rs 19,10% Off,17,Sold Out, 50 Amp x 10 ml
Xanax,Pfizer,Rs 167,10% Off,151,Sold Out, 3x10's
Xegaba,Xenon,Rs 150,10% Off,135,Sold Out, 10
Xegaba,Xenon,Rs 185,10% Off,167,Sold Out, 10
Xamogin,Mass-PH Health,Rs 130,10% Off,117,Sold Out, 3x10's
Xabest,Everest,Rs 255,10% Off,230,Sold Out, 10
Xabest,Everest,Rs 165,10% Off,149,Sold Out, 15ml
Xocrel,Z-jans,Rs 119,10% Off,107,Sold Out, 1x14's
Xocrel,Z-jans,Rs 198,10% Off,178,Sold Out, 1x14's
Xalatan,Pfizer,"Rs 1,796",10% Off,1617,Sold Out, 2.5ml
Xurin-k,Pacific Pharma,Rs 73,10% Off,66,Sold Out, 30's
Xamol,Macquins,Rs 14,10% Off,13,Sold Out, 10x20 's
X-clor,Mega,Rs 233,10% Off,210,Sold Out, 12's
X-clor,Mega,Rs 410,10% Off,369,Sold Out, 12's
X-clor,Mega,Rs 147,10% Off,132,Sold Out, 60ml
X-clor,Mega,Rs 256,10% Off,230,Sold Out, 60ml
X-Cef,Genix,Rs 325,10% Off,292,Sold Out, 1x5's
X-Cef,Genix,Rs 145,10% Off,130,Sold Out, 30ml
X-Cef,Genix,Rs 255,10% Off,230,Sold Out, 30ml
Xim,English Pharma,Rs 325,10% Off,293,Sold Out, 5's
Xim,English Pharma,Rs 150,10% Off,135,Sold Out, 30ml
Xim,English Pharma,Rs 200,10% Off,180,Sold Out, 30ml
Xim,English Pharma,Rs 400,10% Off,360,Sold Out, 60ml
Ximcef,Pearl,Rs 165,10% Off,149,Sold Out, 5's
Ximcef,Pearl,Rs 299,10% Off,269,Sold Out, 5's
Ximcef,Pearl,Rs 145,10% Off,131,Sold Out, 30ml
Ximcef,Pearl,Rs 199,10% Off,179,Sold Out, 30ml
Xime,Mcolson,Rs 325,10% Off,293,Sold Out, 5's
Xime,Mcolson,Rs 155,10% Off,140,Sold Out, 30ml
Ximex,Accurate,Rs 300,10% Off,270,Sold Out, 5's
Ximex,Accurate,Rs 185,10% Off,166,Sold Out, 30ml
Ximex,Accurate,Rs 120,10% Off,108,Sold Out, 30ml
Xival,Siza,Rs 249,10% Off,224,Sold Out, 1x5's
Xival,Siza,Rs 129,10% Off,116,Sold Out, 30ml
Xival,Siza,Rs 169,10% Off,152,Sold Out, 60ml
Xival,Siza,Rs 150,10% Off,135,Sold Out, 30ml
Xemeg,Mega,Rs 160,10% Off,144,Sold Out, 1 Vial
Xentaxime,Xenon,Rs 200,10% Off,180,Sold Out, 1 Vial
Xentaxime,Xenon,Rs 120,10% Off,108,Sold Out, 1 Vial
X-Act,Synchro,Rs 275,10% Off,248,Sold Out, 1 Vial
X-Act,Synchro,Rs 144,10% Off,130,Sold Out, 1 Vial
Xtrazid,Surge,Rs 320,10% Off,288,Sold Out, 1 Vial
Xtrazid,Surge,Rs 105,10% Off,94,Sold Out, 1 Vial
Xtrazid,Surge,Rs 170,10% Off,153,Sold Out, 1 Vial
Xonewell,Roryan Pharma,Rs 321,10% Off,289,Sold Out, 1 Vial
Xonewell,Roryan Pharma,Rs 101,10% Off,91,Sold Out, 1 Vial
Xonewell,Roryan Pharma,Rs 170,10% Off,153,Sold Out, 1 Vial
Xurox,Siza,Rs 186,10% Off,167,Sold Out, 1x10's
Xurox,Siza,Rs 360,10% Off,324,Sold Out, 1x10's
Xoline,Alina,Rs 131,10% Off,118,Sold Out, 1 Vial
Xaprox,Pfizer,Rs 126,10% Off,113,Sold Out, 1x20's
Xaprox,Pfizer,Rs 143,10% Off,129,Sold Out, 1x20's
Xenap,Tagma,Rs 143,10% Off,129,Sold Out, 20's
Xeron,Shawan,Rs 72,10% Off,64,Sold Out, 2x10's
Xynap,Medisure,Rs 143,10% Off,129,Sold Out, 20's
Xegen,Shawan,Rs 174,10% Off,157,Sold Out, 20's
Xegtin,Shawan,Rs 175,10% Off,158,Sold Out, 20's
Xtrica,Shrooq,Rs 130,10% Off,117,Sold Out, 2x10's
Xanbid 550mg,Searle,Rs 85,10% Off,76,Sold Out, 20's
Xovin,Unexo,Rs 124,10% Off,112,Sold Out, 1 x100's
Xamol,Macquins,Rs 190,10% Off,171,Sold Out, 500's
Xolair,Novartis,"Rs 38,000",10% Off,34200,Sold Out, 1 Vial
Xerosec,Sanofi,Rs 144,10% Off,130,Sold Out, 2x7's
Xenglu-Met,Hilton,Rs 198,10% Off,178,Sold Out, 2 x 7's
Xultophy,Novo Nordisk,"Rs 7,610",10% Off,6849,Sold Out, 1 x 3 ml Pre Filled Pen
Xenglu-Met,Hilton,Rs 395,10% Off,356,Sold Out, 1 x 14's
Xenglu-Met,Hilton,Rs 310,10% Off,279,Sold Out, 1 x 14's
Xyzal 5mg,GlaxoSmithKline,Rs 87,,87,Sold Out, 10's
Xormet,Highnoon,Rs 15,,15,Sold Out, 5x10's
XYLOCAINE ( Lignocaine HCL ) 4% 50 ML TOPICAL SOLU,Barrett,Rs 69,,69,Sold Out, 1
Xetazone,Xenon,Rs 0,,0,Sold Out, 10
Xetazone,Xenon,Rs 0,,0,Sold Out, 10
Xylox Adrenaline,Venus,Rs 0,,0,Sold Out, 50 Amp x 50 ml
Xegaba,Xenon,Rs 50,,50,Sold Out, 10
Xa-Zole,Libra,Rs 21,,21,Sold Out, 50ml
Xa-Zole,Libra,Rs 30,,30,Sold Out, 50ml
Xedol,Xenon,Rs 19,,19,Sold Out, 10ml
Xedol,Xenon,Rs 17,,17,Sold Out, 1x2's
Xyden,Dyson R L,Rs 27,,27,Sold Out, 60ml
Xyden,Dyson R L,Rs 30,,30,Sold Out, 1x10's
Xtramol,EG Pharma,Rs 80,,80,Sold Out, 1 Vial x 100ml
Xtramol,EG Pharma,Rs 11,,11,Sold Out, 5 Ampx2ml
Xemeg,Mega,Rs 60,,60,Sold Out, 1 Vial
Xentaxime,Xenon,Rs 80,,80,Sold Out, 1 Vial
X-Act,Synchro,Rs 100,,100,Sold Out, 1 Vial
Xoline,Alina,Rs 48,,48,Sold Out, 1 Vial
Xoline,Alina,Rs 65,,65,Sold Out, 1 Vial
Xany,Flow Pharma,Rs 38,,38,Sold Out, 2x10's
Xinia,Nimrall,Rs 100,,100,Sold Out, 20's
Xinia,Nimrall,Rs 13,,13,Sold Out, 5 Ampx3ml
Xinia,Nimrall,Rs 95,,95,Sold Out, 20gm
Xcid,Bryon,Rs 96,,96,Sold Out, 10's
Xcid,Bryon,Rs 56,,56,Sold Out, 10's
Xetza,Rakahposhi,Rs 96,,96,Sold Out, 10's
Xetza,Rakahposhi,Rs 56,,56,Sold Out, 10's
Xi-Xicam,Usawa,Rs 96,,96,Sold Out, 10's
Xi-Xicam,Usawa,Rs 56,,56,Sold Out, 10's
Xoxilum,Noa Hemis,Rs 96,,96,Sold Out, 10's
Xoxilum,Noa Hemis,Rs 50,,50,Sold Out, 10's
Xegen,Shawan,Rs 71,,71,Sold Out, 10's
Xycam,Mediceena,Rs 14,,14,Sold Out, 5 Ampx1ml
Xycam,Mediceena,Rs 90,,90,Sold Out, 20's
Xycam,Mediceena,Rs 100,,100,Sold Out, 20's
Xylocain 2%,Barrett,Rs 22,,22,Sold Out, 1 Amp
Xylocaine,Barrett,Rs 57,,57,Sold Out, 20gm
Xamol,Macquins,Rs 30,,30,Sold Out, 450 ml
Xamol,Macquins,Rs 25,,25,Sold Out, 60 ml
Xamol,Macquins,Rs 35,,35,Sold Out, 60 ml
xtramol,EG Pharma,Rs 80,,80,Sold Out, 1 vial x 100 ml
xtramol,EG Pharma,Rs 55,,55,Sold Out, 5 ampx1 ml
Xyloaid 10G,Barrett,Rs 68,,68,Sold Out, 1
Xyloaid,Barrett,Rs 67,,67,Sold Out, 15 gm
Wintogeno,Martin Dow,Rs 112,10% Off,101,Add to cart, 50gm
Wilgesic 450mg/ 35mg,Wilson's,Rs 53,10% Off,47,Add to cart, 10x10's
Wilgesic Forte Tab 650mg/ 50mg,Wilson's,Rs 91,10% Off,82,Add to cart, 100's
WIZEN 1 mg,Werick,Rs 137,10% Off,124,Add to cart, 50s
WIZEN 2 mg,Werick,Rs 270,10% Off,243,Add to cart, 50
WIZEN 3MG TAB,Werick,Rs 400,10% Off,360,Add to cart, 10's
Winurina,Sami,Rs 150,10% Off,135,Add to cart, 10
Winzith,SiTech,Rs 180,10% Off,162,Add to cart, 6
Winzith,SiTech,Rs 270,10% Off,243,Add to cart, 6
Werisol,Werick,Rs 14,10% Off,12,Add to cart, 20 sachet
Waybac,Wood Wards,Rs 252,10% Off,226,Add to cart, 5's
Waybac,Wood Wards,Rs 449,10% Off,404,Add to cart, 5's
Waybac,Wood Wards,Rs 285,10% Off,257,Add to cart, 30ml
Waybac Ds,Wood Wards,Rs 305,10% Off,275,Add to cart, 30ml
Wintax,Barrett,Rs 269,10% Off,242,Add to cart, 1 Vial
Wintax,Barrett,Rs 200,10% Off,180,Add to cart, 1 Vial
Wizen Tablet Flash 4mg,Werick,Rs 390,10% Off,351,Add to cart, 10
Warfin Tab 5mg,Shaigan,Rs 128,10% Off,115,Add to cart, 10 x 10's
Werimox Suspension 90ml,Werick,Rs 102,10% Off,92,Add to cart, 1
Werimox,Werick,Rs 62,10% Off,56,Add to cart, 2 x 10's
Werimox,Werick,Rs 150,10% Off,135,Add to cart, 2 x 10's
Wizen,Werick,Rs 286,10% Off,257,Add to cart, 1x6's
WEL-Dilate,Valor,Rs 310,10% Off,279,Add to cart, 1x14's
Whizix,Martin Dow,Rs 140,10% Off,126,Add to cart, 14's
Whizix,Martin Dow Marker,Rs 227,10% Off,204,Add to cart, 14's
Winstor,Sanofi,Rs 184,10% Off,166,Add to cart, 1x10's
Winstor,Sanofi,Rs 331,10% Off,298,Add to cart, 1x10's
Winstor,Sanofi,Rs 619,10% Off,557,Add to cart, 1x10's
Werdex,Werick,Rs 217,10% Off,195,Add to cart, 3x 10's
Winurina,Sami,Rs 50,,50,Add to cart, 10
Wintax,Barrett,Rs 90,,90,Add to cart, 1 Vial
Werimox Suspension 90ml,Werick,Rs 68,,68,Add to cart, 1
Wellman Original,Vitabiotics,"Rs 1,200",10% Off,1080,Sold Out, 30
Welona Drops,Better Health Company,Rs 370,10% Off,333,Sold Out, 1
Wellcodox 100 mg,GlaxoSmithKline,Rs 38,10% Off,34,Sold Out, 60
Wiproate,Wns Field,Rs 32,10% Off,29,Sold Out, 10x10's
Wiproate,Wns Field,Rs 42,10% Off,38,Sold Out, 10x10's
Winotrim forte,Jinnah Pharma,Rs 18,10% Off,16,Sold Out, 10x10's
Wrzol,Ocu Care,Rs 117,10% Off,105,Sold Out, 5ml
Winotrim forte,Jinnah Pharma,Rs 18,10% Off,16,Sold Out, 10 x 10's
Winkem,Pakheim,Rs 190,10% Off,171,Sold Out, 10
Winkem,Pakheim,Rs 370,10% Off,333,Sold Out, 10
Wincid,Orta,Rs 198,10% Off,178,Sold Out, 1x14's
Wezol,Webros,Rs 206,10% Off,185,Sold Out, 14s
Warth,Saydon,Rs 500,10% Off,450,Sold Out, 1's
Wormdox,Mediceena,Rs 645,10% Off,581,Sold Out, 300's
Wormizole,Epla,Rs 12,10% Off,11,Sold Out, 10x6s
Waclor,Wahab Sons,Rs 142,10% Off,128,Sold Out, 60ml
Waclor,Wahab Sons,Rs 250,10% Off,225,Sold Out, 60ml
wislor,Wise Pharma,Rs 233,10% Off,210,Sold Out, 12's
wislor,Wise Pharma,Rs 410,10% Off,369,Sold Out, 12's
wislor,Wise Pharma,Rs 147,10% Off,132,Sold Out, 60ml
wislor,Wise Pharma,Rs 256,10% Off,230,Sold Out, 60ml
Wnsalclor,Wns Field,Rs 279,10% Off,251,Sold Out, 12's
Wnsalclor,Wns Field,Rs 494,10% Off,444,Sold Out, 10's
Wnsalclor,Wns Field,Rs 175,10% Off,158,Sold Out, 60ml
Wnsalclor,Wns Field,Rs 305,10% Off,275,Sold Out, 60ml
Wnsoxil,Wns Field,Rs 250,10% Off,225,Sold Out, 10's
Wnsoxil,Wns Field,Rs 120,10% Off,108,Sold Out, 12's
Wnsoxil,Wns Field,Rs 180,10% Off,162,Sold Out, 6's
Wnsdinir,Wns Field,Rs 244,10% Off,220,Sold Out, 6's
Wnsdinir,Wns Field,Rs 243,10% Off,219,Sold Out, 60ml
Wisem,Pharma Wise,Rs 460,10% Off,414,Sold Out, 1 Vial
Wisem,Pharma Wise,Rs 275,10% Off,248,Sold Out, 1 Vial
Wopime,Xenon,Rs 460,10% Off,414,Sold Out, 1 Vial
Wopime,Xenon,Rs 275,10% Off,248,Sold Out, 1 Vial
Welxime,Global-Vision,Rs 275,10% Off,248,Sold Out, 5's
Welxime,Global-Vision,Rs 225,10% Off,203,Sold Out, 30ml
Welxime,Global-Vision,Rs 140,10% Off,126,Sold Out, 30ml
Wexime,Wns Field,Rs 165,10% Off,149,Sold Out, 5's
Wexime,Wns Field,Rs 325,10% Off,293,Sold Out, 12's
Wexime,Wns Field,Rs 180,10% Off,162,Sold Out, 30ml
Wexime,Wns Field,Rs 300,10% Off,270,Sold Out, 30ml
Winocef,Wahab Sons,Rs 140,10% Off,126,Sold Out, 30ml
Winocef,Wahab Sons,Rs 169,10% Off,152,Sold Out, 60ml
Wizy,Zephyr Pharmatec,Rs 249,10% Off,224,Sold Out, 5's
Wizy,Zephyr Pharmatec,Rs 325,10% Off,293,Sold Out, 5's
Wizy,Zephyr Pharmatec,Rs 180,10% Off,162,Sold Out, 30ml
Wizy,Zephyr Pharmatec,Rs 250,10% Off,225,Sold Out, 30ml
Winbact,Accurate,Rs 452,10% Off,407,Sold Out, 1 Vial
Winbact,Accurate,Rs 452,10% Off,407,Sold Out, 1 Vial
Wisebact,Pharma Wise,Rs 250,10% Off,225,Sold Out, 1 Vial
Wisebact,Pharma Wise,Rs 350,10% Off,315,Sold Out, 1 Vial
Wintax,Barrett,Rs 450,10% Off,405,Sold Out, 1 Vial
Witax,Biorex,Rs 160,10% Off,144,Sold Out, 1 Vial
Witax,Biorex,Rs 110,10% Off,99,Sold Out, 1 Vial
Wontaxime,Bio Pharma,Rs 235,10% Off,212,Sold Out, 1 Vial
Welix,Wns Field,Rs 321,10% Off,289,Sold Out, 1 Vial
Welix,Wns Field,Rs 101,10% Off,91,Sold Out, 1 Vial
Welix,Wns Field,Rs 170,10% Off,153,Sold Out, 1 Vial
Welzone,Genera,Rs 321,10% Off,289,Sold Out, 1 Vial
Wicef,Pharma Wise,Rs 190,10% Off,171,Sold Out, 1 Vial
Wicef,Pharma Wise,Rs 130,10% Off,117,Sold Out, 1 Vial
Wincef,Accurate,Rs 321,10% Off,289,Sold Out, 1 Vial
Wincef,Accurate,Rs 101,10% Off,91,Sold Out, 1 Vial
Wincef,Accurate,Rs 170,10% Off,153,Sold Out, 1 Vial
Wiscef,Pulse,Rs 190,10% Off,171,Sold Out, 1 Vial
Wiscef,Pulse,Rs 130,10% Off,117,Sold Out, 1 Vial
Wixone,Wise Pharma,Rs 321,10% Off,289,Sold Out, 1 Vial
Wixone,Wise Pharma,Rs 101,10% Off,91,Sold Out, 1 Vial
Wixone,Wise Pharma,Rs 170,10% Off,153,Sold Out, 1 Vial
Wycef,ACE,Rs 300,10% Off,270,Sold Out, 1 Vial
Wycef,ACE,Rs 150,10% Off,135,Sold Out, 1 Vial
Wycocef,Wns Field,Rs 450,10% Off,405,Sold Out, 1 Vial
Wecox,Wise Pharma,Rs 103,10% Off,93,Sold Out, 10's
Wondra,Wilshire,Rs 150,10% Off,135,Sold Out, 2x15's
Wondra,Wilshire,Rs 120,10% Off,108,Sold Out, 2x10's
Wondra,Wilshire,Rs 120,10% Off,108,Sold Out, 3x10's
Woodtran,Lawrence,Rs 24,10% Off,21,Sold Out, 5 Ampx3ml
Welcame,Cherwel,Rs 67,10% Off,60,Sold Out, 2x10's
Wnsecam,Wns Field,Rs 215,10% Off,193,Sold Out, 20's
Woxicam,Leo-Zam Zam,Rs 175,10% Off,158,Sold Out, 20's
WarHep B,Shanghai institute-Hi-Warble,Rs 200,10% Off,180,Sold Out, 1 ampx0.5ml
WarHep B,Shanghai institute-Hi-Warble,Rs 325,10% Off,293,Sold Out, 1 ampx1ml
Wartet,Shanghai institute-Hi-Warble,Rs 50,10% Off,45,Sold Out, 10 ampulesx0.5ml
Wartet,Shanghai institute-Hi-Warble,Rs 29,10% Off,26,Sold Out, 100 ampulesx0.5ml
Warfarin,Shaigan,Rs 90,10% Off,81,Sold Out, 10 x 10's
Wintro,Wns Field,Rs 119,10% Off,107,Sold Out, 5 Ampx2ml
Wyladol,Usawa,Rs 6,10% Off,5,Sold Out, 20x10's
Wilgesic,Wilson's,Rs 54,10% Off,48,Sold Out, 10 x 10's
Wellman 50+,Vitabiotics,"Rs 1,300",10% Off,1170,Sold Out, 30
Wellman 50+,Vitabiotics,"Rs 1,000",10% Off,900,Sold Out, 1
WEL-Dilate,Valor,Rs 240,10% Off,216,Sold Out, 1x14's
Wiltran,Wilshire,Rs 15,,15,Sold Out, 60ml
Worcyt,Qintar Pharma,Rs 17,,17,Sold Out, 1x2's
Wormed,Medicraft,Rs 19,,19,Sold Out, 10ml
Wormed,Medicraft,Rs 73,,73,Sold Out, 1x10's
Wormed,Medicraft,Rs 17,,17,Sold Out, 1x2's
Wormgo,Mediceena,Rs 15,,15,Sold Out, 10ml
Wormgo,Mediceena,Rs 100,,100,Sold Out, 1x10's
Wormnor,Wahab Sons,Rs 19,,19,Sold Out, 10ml
Wormocid,Delta Pharma,Rs 24,,24,Sold Out, 10ml
Wormocid,Delta Pharma,Rs 20,,20,Sold Out, 2x1's
Winzime,Wns Field,Rs 48,,48,Sold Out, 1x10's
Warth,Saydon,Rs 15,,15,Sold Out, 1x1
Wormdox,Mediceena,Rs 26,,26,Sold Out, 30ml
Wormdox,Mediceena,Rs 18,,18,Sold Out, 6's
Wormizole,Epla,Rs 15,,15,Sold Out, 1x1
Wormizole,Epla,Rs 20,,20,Sold Out, 30ml
WoodWard ORS,Wood Wards,Rs 7,,7,Sold Out, 1 sachet
Wyladol Extra,Usawa,Rs 9,,9,Sold Out, 10 x 10 's
Waclor,Wahab Sons,Rs 63,,63,Sold Out, 15ml
Wnsoxil,Wns Field,Rs 86,,86,Sold Out, 60ml
Witax,Biorex,Rs 60,,60,Sold Out, 1 Vial
Welzone,Genera,Rs 95,,95,Sold Out, 1 Vial
Wicef,Pharma Wise,Rs 85,,85,Sold Out, 1 Vial
Wiscef,Pulse,Rs 85,,85,Sold Out, 1 Vial
Wycef,ACE,Rs 85,,85,Sold Out, 1 Vial
Weldic,Ferroza,Rs 39,,39,Sold Out, 2x10's
Werridal,Werick,Rs 61,,61,Sold Out, 90ml
Wulid,Pliva,Rs 90,,90,Sold Out, 20's
WoodWard,Wood Wards,Rs 66,,66,Sold Out, 1
Webser,Ideal,Rs 1,,1,Sold Out, 150
Ulsanic,Highnoon,Rs 159,10% Off,143,Available, 1 x 10's
Urso,AGP,Rs 600,10% Off,540,Available, 1x10's
Urso,AGP,"Rs 1,000",10% Off,900,Available, 1x10's
Urodonal   Granules  ( syrup),Opal,Rs 346,10% Off,311,Available, 1
Urgesin,AGP,Rs 880,10% Off,792,Available, 1x10's
Urgesin,AGP,Rs 630,10% Off,567,Available, 1x10's
Ufrim 10 mg,High-Q,Rs 386,10% Off,347,Available, 1x14's
Ufrim 20 mg,High-Q,Rs 380,10% Off,342,Available, 1x14's
U-Progest,OBS,Rs 520,10% Off,468,Sold Out, 3x10's
Urigo,Sami,Rs 203,10% Off,182,Available, 20
Urigo,Sami,Rs 248,10% Off,223,Available, 20
Uriguard,Atco,Rs 283,10% Off,254,Available, 20
Urodonal,Opal,Rs 35,10% Off,31,Available, 10 Sachet x 9 gm
Uricon,Shaigan,Rs 49,10% Off,44,Available, 3 x 10's
Urivox,Zafa,Rs 105,10% Off,95,Available, 30
Ultima,Macter,Rs 128,10% Off,115,Available, 25ml
Ultima,Macter,Rs 391,10% Off,352,Available, 60ml
Ultima,Macter,Rs 395,10% Off,356,Available, 1x10's
Ultima,Macter,Rs 590,10% Off,531,Available, 1x10's
Uniclin,kaizen,Rs 252,10% Off,227,Available, 10
Ulcez,Epla,Rs 289,10% Off,260,Available, 1x14's
Utazid,Bosch,Rs 240,10% Off,216,Available, 1 Vial
Utazid,Bosch,Rs 119,10% Off,107,Available, 1 Vial
Utazid,Bosch,Rs 180,10% Off,162,Available, 1 Vial
Udic-B,Valor,Rs 230,10% Off,207,Available, 15gm
Unix,Hilton,Rs 150,10% Off,135,Available, 2x10's
Uperio,Novartis,"Rs 1,750",10% Off,1575,Available, 2x14's
Uperio,Novartis,Rs 910,10% Off,819,Available, 4x7's
U-Progest,OBS,Rs 920,10% Off,828,Sold Out, 1x10's
Uricontrol 5mg,Aspin Pharma,Rs 410,10% Off,369,Available, 10's
Urocit-K,Allmed Labs,Rs 907,10% Off,817,Available, 30's
Ultragesic,Hirani's Pharma,Rs 159,10% Off,143,Available, 1 x10's
Unitrexate,Al Habib,"Rs 1,458",10% Off,1312,Sold Out, 20mlx10s
Uropin,Allmeo,Rs 256,10% Off,231,Available, 30's
Ulcez,Epla,Rs 145,10% Off,130,Available, 2  x 7's
Utoral,Al Habib Pharmaceuticals,"Rs 3,600",10% Off,3240,Available, 10 Vial
Unitrexate,Al Habib Pharmaceuticals,"Rs 20,668",10% Off,18601,Available, 10 Vial
Ulsanic,Highnoon,Rs 344,10% Off,310,Available, 120 ml
Ultima,Macter,Rs 295,10% Off,266,Available, 2 x 5's
Ulsanic,Highnoon,Rs 60,10% Off,54,Available, 2 x 10's
Ucibon,Hinucon,Rs 433,10% Off,390,Available, 3 x 7's
Unifyline,Platinum,Rs 288,10% Off,259,Available, 2 x 10's
Urso,AGP,"Rs 1,400",10% Off,1260,Available, 120 ml
Ulsanic,Highnoon,Rs 145,10% Off,131,Sold Out, 60ml
Unitrexate,Al Habib,Rs 95,10% Off,86,Sold Out, 100s
Unifyline,Platinum,Rs 223,10% Off,200,Sold Out, 1 x 10's
Unigesic,U nison,Rs 13,10% Off,11,Sold Out, 100
Ulora,Helix Pharma,Rs 330,10% Off,297,Sold Out, 1x20's
Ulora,Helix Pharma,Rs 585,10% Off,527,Sold Out, 1x20's
Uriguard,Atco,Rs 469,10% Off,422,Sold Out, 20
Uropyrine,Allmed Labs,Rs 200,10% Off,180,Sold Out, 30
Uricon,Shaigan,Rs 255,10% Off,230,Sold Out, 30
Urospaz,Hansel,Rs 217,10% Off,195,Sold Out, 3
Urobutin,Focus & Rulz,Rs 300,10% Off,270,Sold Out, 30
U-Cure,Usawa,Rs 150,10% Off,135,Sold Out, 6
U-Cure,Usawa,Rs 275,10% Off,248,Sold Out, 6
Unidon,Paramount,Rs 43,10% Off,39,Sold Out, 50
Unidon-V,Paramount,Rs 129,10% Off,116,Sold Out, 30
Unidon-V,Paramount,Rs 215,10% Off,194,Sold Out, 50
Unitran,U nison,Rs 308,10% Off,277,Sold Out, 1x200's
Unitran,U nison,Rs 288,10% Off,259,Sold Out, 100
Uniclar,Paramount,Rs 240,10% Off,216,Sold Out, 10
Uniclar,Paramount,Rs 445,10% Off,401,Sold Out, 10
Up-Clar,Roryan Pharma,Rs 240,10% Off,216,Sold Out, 10
Up-Clar,Roryan Pharma,Rs 445,10% Off,401,Sold Out, 10
Unesoquine,Unexo,Rs 300,10% Off,270,Sold Out, 1x200's
Uniferon,Getz Pharma,Rs 398,10% Off,358,Sold Out, 1 Vial
Uniferon,Getz Pharma,"Rs 1,316",10% Off,1184,Sold Out, 1 Vial
Uniron,Accurate,Rs 600,10% Off,540,Sold Out, 1 Vial
UL-Some,Saydon,Rs 17,10% Off,15,Sold Out, 7x2's
UL-Some,Saydon,Rs 26,10% Off,23,Sold Out, 7x2's
Ulcez,Epla,Rs 119,10% Off,107,Sold Out, 1x14's
Ulcicare,Jawa,Rs 119,10% Off,107,Sold Out, 1x14's
Ulcicare,Jawa,Rs 198,10% Off,178,Sold Out, 1x14's
Ultech,Wise Pharma,Rs 60,10% Off,54,Sold Out, 2x7's
Ultech,Wise Pharma,Rs 162,10% Off,145,Sold Out, 2x7's
Uni-Zole,U nison,Rs 198,10% Off,178,Sold Out, 1x14's
Util,Ambrosia,Rs 70,10% Off,63,Sold Out, 2x7's
Util,Ambrosia,Rs 128,10% Off,115,Sold Out, 2x7's
Ucon,Noa Hemis,Rs 130,10% Off,117,Sold Out, 1x1's
Uconazol,Unimark,Rs 130,10% Off,117,Sold Out, 1x1's
Unizole,TG  Pharma,Rs 172,10% Off,155,Sold Out, 1x1's
Urbicid,Flow Pharma,Rs 57,10% Off,51,Sold Out, 3x10's
Urbofen,Valor,Rs 60,10% Off,54,Sold Out, 3x10's
Ulcozol,Friends,Rs 180,10% Off,162,Sold Out, 14s
Ultozone,Mass-PH Health,Rs 218,10% Off,197,Sold Out, 1x14's
Unipam,U nison,Rs 328,10% Off,295,Sold Out, 1x1000
U-Butol INH,Unexo,Rs 14,10% Off,13,Sold Out, 10 x 10
Urocit K Tablets.,Allmed Labs,Rs 857,10% Off,771,Sold Out, 1 x 30s
Unetox-T,Unexo,Rs 103,10% Off,93,Sold Out, 10x10's
Unetox-T,Unexo,Rs 473,10% Off,426,Sold Out, 50x10's
Unipime,TG  Pharma,Rs 600,10% Off,540,Sold Out, 1 Vial
Unipime,TG  Pharma,Rs 300,10% Off,270,Sold Out, 1 Vial
UR-cef,Roryan Pharma,Rs 325,10% Off,293,Sold Out, 5's
UR-cef,Roryan Pharma,Rs 135,10% Off,122,Sold Out, 30ml
UR-cef,Roryan Pharma,Rs 220,10% Off,198,Sold Out, 30ml
Unibactum,Pulse,Rs 250,10% Off,225,Sold Out, 1 Vial
Unibactum,Pulse,Rs 350,10% Off,315,Sold Out, 1 Vial
Ultrazid,Biorex,Rs 275,10% Off,248,Sold Out, 1 Vial
Ultrazid,Biorex,Rs 144,10% Off,130,Sold Out, 1 Vial
Unitrixone,TG  Pharma,Rs 270,10% Off,243,Sold Out, 1 Vial
Unitrixone,TG  Pharma,Rs 137,10% Off,123,Sold Out, 1 Vial
Unixone,Medicaids,Rs 429,10% Off,386,Sold Out, 1 Vial
Unixone,Medicaids,Rs 124,10% Off,112,Sold Out, 1 Vial
Unixone,Medicaids,Rs 206,10% Off,185,Sold Out, 1 Vial
Ultra-Q,Adcok Pharmaceuticals,"Rs 1,490",10% Off,1341,Sold Out, 3x10's
Utrogestan,Galaxy,"Rs 1,185",10% Off,1066,Sold Out, 1x15's
U-tran,Unexo,Rs 8,10% Off,7,Sold Out, 20x10's
Ufenac,Valor,Rs 82,10% Off,74,Sold Out, 3x10's
Ultifen,Hansel,Rs 58,10% Off,52,Sold Out, 3x10's
Urbofen,Valor,Rs 40,10% Off,36,Sold Out, 3x10's
Uniprofin,U nison,"Rs 35,477",10% Off,31929,Sold Out, 250's
Unihylon,Neutro,"Rs 1,600",10% Off,1440,Sold Out, 1 pre-filled syringex2.5ml
Uricontrol 10mg,Aspin Pharma,Rs 700,10% Off,630,Sold Out, 10's
Uflora,Searle,Rs 589,10% Off,530,Sold Out, 1x10's
Ultrame,Amarant,Rs 140,10% Off,126,Sold Out, 5 Ampx2ml
Ultrame,Amarant,Rs 170,10% Off,153,Sold Out, 1 x10's
Unitrexate,Al Habib,Rs 195,10% Off,175,Sold Out, 10 Vials
Unitrexate,Al Habib,"Rs 2,484",10% Off,2236,Sold Out, 40mlx1s
Ulfam,Focus & Rulz,Rs 143,10% Off,129,Sold Out, 1x10's
Urisolin,Searle,Rs 395,10% Off,356,Sold Out, 1x10's
UFI,Titlis Pharma,Rs 451,10% Off,406,Sold Out, 1 x 10's
UFI,Titlis Pharma,Rs 680,10% Off,612,Sold Out, 1 x 10's
Uritreat,Pharm Evo,Rs 390,10% Off,351,Sold Out, 1 x 10's
Uromes,Al Habib Pharmaceuticals,"Rs 2,142",10% Off,1928,Sold Out, 10 Ampoules
Unitrexate,Al Habib Pharmaceuticals,"Rs 3,950",10% Off,3555,Sold Out, 10 Vial
Ulsanic,Highnoon,Rs 94,,94,Sold Out, 2x10's
Unirimp,U nison,Rs 100,,100,Sold Out, 14s
Uniphenicol,U nison,Rs 25,,25,Sold Out, 60ml
Unidon,Paramount,Rs 84,,84,Sold Out, 120ml
Unidon,Paramount,Rs 42,,42,Sold Out, 60ml
Unitran,U nison,Rs 17,,17,Sold Out, 50ml
Uniflox-D,TG  Pharma,Rs 80,,80,Sold Out, 5ml
Unihist,U nison,Rs 45,,45,Sold Out, 450ml
Unic,U nison,Rs 95,,95,Sold Out, 1x10's
Unesid,Unexo,Rs 91,,91,Sold Out, 1x30's
Ultrazid,Biorex,Rs 100,,100,Sold Out, 1 Vial
Unitrixone,TG  Pharma,Rs 76,,76,Sold Out, 1 Vial
Unifin,U nison,Rs 90,,90,Sold Out, 20's
U-tran,Unexo,Rs 50,,50,Sold Out, 2x10's
Ufenac,Valor,Rs 43,,43,Sold Out, 2x10's
Ufenac,Valor,Rs 22,,22,Sold Out, 3x10's
Unicoxin,Unipharm,Rs 56,,56,Sold Out, 10's
Utrahit,Unipharm,Rs 77,,77,Sold Out, 10's
Uriben,Adamjee Pharmaceuticals,Rs 68,,68,Sold Out, 60 ml
Ultrame Plus,Amarant,Rs 100,,100,Sold Out, 1x10's
Unitrate,Benson,Rs 1,,1,Sold Out, 62
